relative_path,top_level_folder,size_bytes,sha256,is_archived
00_PROJECT_ARCHITECTURE/00_MASTER_CONTEXT.md,00_PROJECT_ARCHITECTURE,18699,e38e51e2f5e849b26a4d688316722b126c81b751cd9294e4e22cfce2cd970e86,No
00_PROJECT_ARCHITECTURE/01_PROJECT_INDEX.md,00_PROJECT_ARCHITECTURE,13350,698d93ac9c20062c6647c78a1646fb4b37274e6b09944c77717a86d32c8efb27,No
00_PROJECT_ARCHITECTURE/04_DOCUMENT_MAP.md,00_PROJECT_ARCHITECTURE,14843,d62304788b3908c942333fe6c4533e7ee3efcdeefebf55a2b92e968948d002b0,No
00_PROJECT_ARCHITECTURE/06_DECISIONS.md,00_PROJECT_ARCHITECTURE,19951,9284ae7eed9fc908de3105a137866ba9a51714b80a57a89fb3ae417244556ebe,No
00_PROJECT_ARCHITECTURE/07_NEXT_ACTIONS.md,00_PROJECT_ARCHITECTURE,14640,ee45c51ae31ac403ee9c12c85a7968bfaed205c043705214e9361d6026b2a18f,No
00_PROJECT_ARCHITECTURE/api_backend/04_API_Backend_Architecture 00_API_OVERVIEW.md,00_PROJECT_ARCHITECTURE,13096,f0e13c65b172c8389d8b0ce8a8db6ded28c054e7516deed8da6d95cca04e80c6,No
00_PROJECT_ARCHITECTURE/api_backend/04_API_Backend_Architecture 01_API_STANDARDS.md,00_PROJECT_ARCHITECTURE,10434,9838c9a3085ff7beea9e8dd5d562b82bc0fd03ba3b86ca5e372a109607eaa213,No
00_PROJECT_ARCHITECTURE/api_backend/04_API_Backend_Architecture 02_AUTHENTICATION_AUTHORIZATION.md,00_PROJECT_ARCHITECTURE,12648,64dca448e95a4ca4bfeef57a3dbb69dfcd784bcbb440b40c4d8552bb1bc72ce6,No
00_PROJECT_ARCHITECTURE/api_backend/04_API_Backend_Architecture 03_API_CATALOG.md,00_PROJECT_ARCHITECTURE,16696,065564bb61746fb7cccdaa940768e2ad51c786b2167c39e86fd6a80d51c66cf1,No
00_PROJECT_ARCHITECTURE/api_backend/04_API_Backend_Architecture 04_ENDPOINT_SPECIFICATIONS.md,00_PROJECT_ARCHITECTURE,11442,c53d7c4b5178e58fac186f18847074d1ce9988cec4e51d945d10038fbddd648a,No
00_PROJECT_ARCHITECTURE/api_backend/04_API_Backend_Architecture 05_REQUEST_RESPONSE_MODELS.md,00_PROJECT_ARCHITECTURE,12276,601ff10e96d58c9716c10d5814fd64bfd2598d0f59664c33699c0d2254232b11,No
00_PROJECT_ARCHITECTURE/api_backend/04_API_Backend_Architecture 06_API_ERROR_HANDLING.md,00_PROJECT_ARCHITECTURE,12303,d0cdefe57e2ab88227dee42add50f5162ae8a6327d819564f50fed0b109996b2,No
00_PROJECT_ARCHITECTURE/api_backend/04_API_Backend_Architecture 07_WEBHOOK_ARCHITECTURE.md,00_PROJECT_ARCHITECTURE,10473,3d22b716781b4d01c9988655acfb295902ec9862d4673143f34450c139795fe2,No
00_PROJECT_ARCHITECTURE/database_design/03_Database_Design 00_DATABASE_OVERVIEW.md,00_PROJECT_ARCHITECTURE,16446,814ab995f9cd0ca40f4f120474a65c898843e56b4c33623a15a9f7c3e1be8a03,No
00_PROJECT_ARCHITECTURE/database_design/03_Database_Design 01_DATA_DOMAINS.md,00_PROJECT_ARCHITECTURE,24312,e69157d05cbc19338877fd44a65119a0adce07b1648a1a2b5e2c7527373a6bc0,No
00_PROJECT_ARCHITECTURE/database_design/03_Database_Design 02_ENTITY_MODEL.md,00_PROJECT_ARCHITECTURE,30609,d76f85f3756500157cf582aac4393886d285d6df362e5ceb0e00015d308ede31,No
00_PROJECT_ARCHITECTURE/database_design/03_Database_Design 03_TABLE_CATALOG.md,00_PROJECT_ARCHITECTURE,28047,d8b7e1a18b487eddb8849e6ff0d25c49d9799318b5d25f1ef3829a6cd359b13e,No
00_PROJECT_ARCHITECTURE/database_design/03_Database_Design 04_RELATIONSHIP_MODEL.md,00_PROJECT_ARCHITECTURE,19330,b91047900ee67194d5996317842f1361004ab80f62d89a14ea1b3eb1f2e13e5f,No
00_PROJECT_ARCHITECTURE/database_design/03_Database_Design 05_DATA_DICTIONARY.md,00_PROJECT_ARCHITECTURE,21685,2bba7cbd1c5c77d760296329affbb38ec43a509b03e5e51cc87bafdfb4943346,No
00_PROJECT_ARCHITECTURE/database_design/03_Database_Design 06_VECTOR_DATABASE_DESIGN.md,00_PROJECT_ARCHITECTURE,20373,fac364aa7c6a18b9fd998d0bca03e32d5d490e9c2217c86cb6008b3fceaa0fb9,No
00_PROJECT_ARCHITECTURE/database_design/03_Database_Design 07_METADATA_SCHEMA.md,00_PROJECT_ARCHITECTURE,20658,83b8d0a1cf41e4981a534b3065ad04b033ee4d44fbd013c7a88837ee14d96ffd,No
00_PROJECT_ARCHITECTURE/database_design/03_Database_Design 08_AI_MEMORY_SCHEMA.md,00_PROJECT_ARCHITECTURE,19852,9e12543557cec1926897d5cc86ccd52d62be0dd900e8f8dc07f4d4ce0e09246d,No
00_PROJECT_ARCHITECTURE/database_design/03_Database_Design 09_CONVERSATION_SCHEMA.md,00_PROJECT_ARCHITECTURE,18040,aa5efb42fa170fb7d42492ef2e9167e375cacd8fd9cf929284c9bb5ec96c30e4,No
00_PROJECT_ARCHITECTURE/database_design/03_Database_Design 10_DOCUMENT_SCHEMA.md,00_PROJECT_ARCHITECTURE,19107,d345783001b20bdff5456859fbc2581c8766480f032ed755f31bd17add6a1341,No
00_PROJECT_ARCHITECTURE/database_design/03_Database_Design 11_INDEXING_STRATEGY.md,00_PROJECT_ARCHITECTURE,15951,8b3047e1e853cf308ff76facd477d688056b8fdec4ed9aeae566d8717d347b2f,No
00_PROJECT_ARCHITECTURE/database_design/03_Database_Design 12_DATA_RETENTION_POLICY.md,00_PROJECT_ARCHITECTURE,16505,dbddd94f150b7979d463c9651badf6a679816dd21b4cddc4f6d44e28beca56b7,No
00_PROJECT_ARCHITECTURE/database_design/03_Database_Design 13_BACKUP_AND_RECOVERY.md,00_PROJECT_ARCHITECTURE,13811,2ffe046f9ab5d0fd03ed790ae3eaa5ce222de924a7781b42f0b6db87533b4449,No
00_PROJECT_ARCHITECTURE/database_design/03_Database_Design 14_DATABASE_SECURITY.md,00_PROJECT_ARCHITECTURE,14906,6d60691bcbe80b4022a4139239bf6706811b90b22b8f54f67cb2f8d9a3153b34,No
00_PROJECT_ARCHITECTURE/database_design/03_Database_Design 15_DATABASE_PERFORMANCE.md,00_PROJECT_ARCHITECTURE,14543,dea5ec25c8f3c783f2cb60177c14228e327590b2e40e9ccce7e093dfeea33f39,No
00_PROJECT_ARCHITECTURE/database_design/03_Database_Design 16_DATABASE_MIGRATION.md,00_PROJECT_ARCHITECTURE,14399,b82d5daa4da60191140fe836f957eb9a326d6b4f244b02f9ad108aef79c4abd7,No
00_PROJECT_ARCHITECTURE/project_context/Project_Context 00_MASTER_CONTEXT.md,00_PROJECT_ARCHITECTURE,14411,cfb51a4a9afaaa1230efe72c67a9dad810468e031d5c373d7311b4bb954e9f01,No
00_PROJECT_ARCHITECTURE/project_context/Project_Context 01_PROJECT_BRIEF.md,00_PROJECT_ARCHITECTURE,13566,33b72b56e9c4c9c818634d95a692546035057ae18d0525ccadd88feffe5127ba,No
00_PROJECT_ARCHITECTURE/project_context/Project_Context 02_BUSINESS_CONTEXT.md,00_PROJECT_ARCHITECTURE,14995,dbc827d0f6ba62b2f365174156230456d88782449657863cc5970b55b0382d7a,No
00_PROJECT_ARCHITECTURE/project_context/Project_Context 03_PRODUCT_CONTEXT.md,00_PROJECT_ARCHITECTURE,8143,3034ca057308b601f861ad57bcbf3909a0cd0337d080576637a96be2215d9b3a,No
00_PROJECT_ARCHITECTURE/project_context/Project_Context 04_AI_VISION.md,00_PROJECT_ARCHITECTURE,13495,1ad5f1965443ae608003e7a6cca73fe880894846a30f325995cab8f86ed3cfd5,No
00_PROJECT_ARCHITECTURE/project_context/Project_Context 05_PERSONAS.md,00_PROJECT_ARCHITECTURE,13277,08dbb18569f7b2384fd02ab18865575856586231351916d1dcad5b3299035eef,No
00_PROJECT_ARCHITECTURE/project_context/Project_Context 06_FEATURE_WISHLIST.md,00_PROJECT_ARCHITECTURE,28917,27145f54b163e8961e71af5422af63a080d19d6caffe33f0d1c3a20e173fe906,No
00_PROJECT_ARCHITECTURE/project_context/Project_Context 07_BUSINESS_PROCESSES.md,00_PROJECT_ARCHITECTURE,44127,824c6bb5bc15c39e742de32b968d0d77b3c0b7abba816ba397228bef92b4d930,No
00_PROJECT_ARCHITECTURE/project_context/Project_Context 08_CONSTRAINTS.md,00_PROJECT_ARCHITECTURE,41873,7f624dda16e29fd88167d3c48b665bfa9e589b8d9d6681170e10ad8395b97804,No
00_PROJECT_ARCHITECTURE/project_context/Project_Context 09_TECH_STACK.md,00_PROJECT_ARCHITECTURE,46793,564cad9bbbdc8eed10012ba804c2177eb954250e95d3839bda67b4921ab8cbe0,No
00_PROJECT_ARCHITECTURE/project_context/Project_Context 10_CODING_STANDARDS.md,00_PROJECT_ARCHITECTURE,50452,eb194f5efeb8844449903373d3db6eadefeff74ba37ccfc83d437f4511fafcf4,No
00_PROJECT_ARCHITECTURE/project_context/Project_Context 11_DOCUMENTATION_RULES.md,00_PROJECT_ARCHITECTURE,83254,933b593c31a8ffd4d24a4dea3ba2de3282ca0cda079664259ba913e690733991,No
00_PROJECT_ARCHITECTURE/project_context/Project_Context 12_ARCHITECTURE_PRINCIPLES.md,00_PROJECT_ARCHITECTURE,79609,2b80f7ebeb7448aee8278d886f47de0337493cf5eff874c9764aecc0e60b3697,No
00_PROJECT_ARCHITECTURE/project_context/Project_Context 13_AI_BEHAVIOR.md,00_PROJECT_ARCHITECTURE,57709,b56a03adaf3e214c6994563583d49e1f14debac0629265e9c1156fd719a2aadc,No
00_PROJECT_ARCHITECTURE/project_context/Project_Context 14_FUTURE_INTEGRATIONS.md,00_PROJECT_ARCHITECTURE,47257,19f1be5c9c16ee2379cab6449de841f764f9e9c7885ecdb3c1fd78a5f75671ac,No
00_PROJECT_ARCHITECTURE/project_context/Project_Context 15_SUCCESS_METRICS.md,00_PROJECT_ARCHITECTURE,46536,7257737e622e370ed5123a449fcbacf3851727b9788c26b602225eadb37b1427,No
00_PROJECT_ARCHITECTURE/system_architecture/02_System_Architecture 00_SYSTEM_OVERVIEW.md,00_PROJECT_ARCHITECTURE,33022,bd3546e802710d64a7a76cc420e58f780a355ea6075e98df105c1b2cb87ebb76,No
00_PROJECT_ARCHITECTURE/system_architecture/02_System_Architecture 01_HIGH_LEVEL_ARCHITECTURE.md,00_PROJECT_ARCHITECTURE,23952,39c45e07707d973177c231d5f70f56a12ed5975461d5aafff0b933e7c48334ee,No
00_PROJECT_ARCHITECTURE/system_architecture/02_System_Architecture 02_COMPONENT_ARCHITECTURE.md,00_PROJECT_ARCHITECTURE,29984,7e3185c13fa53c9359c39be863aca0273f67dd09f42628e6c6a33cda919176bb,No
00_PROJECT_ARCHITECTURE/system_architecture/02_System_Architecture 03_AI_ARCHITECTURE.md,00_PROJECT_ARCHITECTURE,23502,cbe7276f12d0254744ec900abc7222762e7e3c5628c92c723a2f9d61fb3ee3ad,No
00_PROJECT_ARCHITECTURE/system_architecture/02_System_Architecture 04_RAG_ARCHITECTURE.md,00_PROJECT_ARCHITECTURE,18573,d0eff9924ab1955ac355dd38b8ab75602a4579130513516fb5531dc1dd058a4a,No
00_PROJECT_ARCHITECTURE/system_architecture/02_System_Architecture 05_VOICE_AI_ARCHITECTURE.md,00_PROJECT_ARCHITECTURE,18608,c8c013d11df82467f6c8b419fbf047e6da895fa64934acf0f95c1708f70cfc30,No
00_PROJECT_ARCHITECTURE/system_architecture/02_System_Architecture 06_WHATSAPP_AI_ARCHITECTURE.md,00_PROJECT_ARCHITECTURE,20834,9eabad96f63790f0905e4841a70d1b7e953792569050392f4929d596ed570496,No
00_PROJECT_ARCHITECTURE/system_architecture/02_System_Architecture 07_AGENT_ARCHITECTURE.md,00_PROJECT_ARCHITECTURE,20553,6b063b0def0359417fdaed7ca9b971d2c3cc3d6887fb61ed2cbce47bd65803ca,No
00_PROJECT_ARCHITECTURE/system_architecture/02_System_Architecture 08_DATABASE_ARCHITECTURE.md,00_PROJECT_ARCHITECTURE,17128,9f26d03a0b5af54a39375f37137ea6556ab79696fbc5ca0d13458f834622e09c,No
00_PROJECT_ARCHITECTURE/system_architecture/02_System_Architecture 09_API_ARCHITECTURE.md,00_PROJECT_ARCHITECTURE,15955,60203fa4fb68b3983e4d87d73018dddca19f6351c4c29a787e785cbf5163ee6a,No
00_PROJECT_ARCHITECTURE/system_architecture/02_System_Architecture 10_SECURITY_ARCHITECTURE.md,00_PROJECT_ARCHITECTURE,16620,c64135c41af614118255f83f0bc296bcc4773bafeae5012e9e8b1d0fcdbe8dfa,No
00_PROJECT_ARCHITECTURE/system_architecture/02_System_Architecture 11_DEPLOYMENT_ARCHITECTURE.md,00_PROJECT_ARCHITECTURE,18016,08073885faccd551c274659b16e1bd8546addb17e73bc2f57ff076feac9b8251,No
00_PROJECT_ARCHITECTURE/system_architecture/02_System_Architecture 12_INFRASTRUCTURE_ARCHITECTURE.md,00_PROJECT_ARCHITECTURE,19660,89ccc238fc07290fe9d76dbde75418fc379a1c48fb8548dfe713561385574578,No
00_PROJECT_ARCHITECTURE/system_architecture/02_System_Architecture 13_MONITORING_ARCHITECTURE.md,00_PROJECT_ARCHITECTURE,16654,0d2979a89462f98c85bacd9373f6ff8fd344db55811bd2c2dea71075968d195d,No
00_PROJECT_ARCHITECTURE/system_architecture/02_System_Architecture 14_DISASTER_RECOVERY.md,00_PROJECT_ARCHITECTURE,21501,0159313e5f3e12362830895f1585ab2a7dc06089f58c200d7a1861a9725eaa59,No
00_PROJECT_ARCHITECTURE/system_architecture/02_System_Architecture 15_ARCHITECTURE_DECISIONS.md,00_PROJECT_ARCHITECTURE,25791,59e201772abd41f8794085800dcda8824bb76b7241dff6700baaa31cb4c317c8,No
00_SOURCE_DOCUMENTS/brochures/Dayjoy Product Brochure - English July2026_11zon.pdf,00_SOURCE_DOCUMENTS,7786816,411774620f65d70e5951cca93dd992f27c644485a99eebafd3f44a791cf21cfe,No
00_SOURCE_DOCUMENTS/brochures/DayjoyProduct_RecommandationChart - Copy.pdf,00_SOURCE_DOCUMENTS,4062276,1315d8b9e55f32c1320da044f39505593b7d2b419b7bc85db8582c53a6d68a5b,No
00_SOURCE_DOCUMENTS/brochures/Dayjoy_Online_Shopping.pdf,00_SOURCE_DOCUMENTS,585659,91f41e5901cdc952e8c4cd71698e8eca04182afffc623d311fbe021f3dacd442,No
00_SOURCE_DOCUMENTS/company/Dayjoy AI Ecosystem Enterprise Knowledge Repository & Systems Architecture.docx,00_SOURCE_DOCUMENTS,3061792,81ed77af861c45a6fd86530815f0ff9cfcdea48239321889abe9af67a2cff527,No
00_SOURCE_DOCUMENTS/company/Dayjoy AI Ecosystem Master Knowledge Base Generation.docx,00_SOURCE_DOCUMENTS,3033055,84b031fce8c5958520deb03cfeb5d0eedd538f4ae82951421ce5a690ee0a61e2,No
00_SOURCE_DOCUMENTS/compensation/Dayjoy GrowthX Plan Presentation_choladeck.pdf,00_SOURCE_DOCUMENTS,14108638,605ecbe19593400c8c7708b7be6ffbd570e9f156cd53e53de1a3f9fa22c41dae,No
00_SOURCE_DOCUMENTS/policies/DayjoyMarketingFssaiLicense.pdf,00_SOURCE_DOCUMENTS,138985,7ad37b94184907f5a107ce3c75e50754b90fc329d7aa76a184a980c7bd3c03bb,No
00_SOURCE_DOCUMENTS/policies/Income_Disclaimer_Dayjoy.pdf,00_SOURCE_DOCUMENTS,459681,d8d56172b040fedd96a14bc89e13e0a52583989560a2fa3ec75568fba5d54fe3,No
00_SOURCE_DOCUMENTS/policies/PaymentGatewayPolicy_Dayjoy.pdf,00_SOURCE_DOCUMENTS,459239,b66514643d0b509834876cfd79091d8ebd4beaf46e49bc2183305a398349e3bf,No
00_SOURCE_DOCUMENTS/policies/Social_Media_Policy_Dayjoy.pdf,00_SOURCE_DOCUMENTS,468904,207d729d08c059d35be8524bd7e80d99c4365f18d2424aa3342a9e1e79d36d4c,No
00_SOURCE_DOCUMENTS/price_lists/India BV Price May 2026.pdf,00_SOURCE_DOCUMENTS,1889320,84ecd2c43dcea939bb4923b04894d6096bd2202e98288984bc3ec654cc04e117,No
00_SOURCE_DOCUMENTS/website_snapshots/README.md,00_SOURCE_DOCUMENTS,215,b18d68e43fde8767c9c47146aef66e41f3c3341a04cfa03fb173ac0831207059,No
00_SOURCE_DOCUMENTS/website_snapshots/WEBSITE_SNAPSHOT_POLICY.md,00_SOURCE_DOCUMENTS,3077,068e86198503f69a7f1b3388ffdca8a9dd993989b5aea096a2c4a9e024dcfed2,No
00_SOURCE_DOCUMENTS/website_snapshots/website_snapshot_log.csv,00_SOURCE_DOCUMENTS,156,0dae1ee38c51822c3402958be26cd7ddbc5225fff4894e4a188b96e259d5affe,No
01_CANONICAL/company/business_model_narrative.md,01_CANONICAL,9252,7a81a5127bf1737c4591f587d4ee53679213910208b8285535698fd9a668803e,No
01_CANONICAL/company/company_research_narrative.md,01_CANONICAL,14269,f09c67d8713d84de9e34818523bffe4da216c78474118798afe2bca2cd143ffd,No
01_CANONICAL/company/dayjoy_brands.csv,01_CANONICAL,282,38b9fb55bb20280db0a65a600bc661a465fbbb5fbe8c5e2c5b51f7bf9cb4c434,No
01_CANONICAL/company/dayjoy_categories.csv,01_CANONICAL,419,bcdbddf4bbc0a5bdf5fb755c93f2b9de9f319fbcf9b2a311149118ef38c3efd1,No
01_CANONICAL/company/dayjoy_company_knowledge.csv,01_CANONICAL,35167,63691a6d5eee4c97bff243d7fb3f013df70816ba761a60558e1d8dd248c8b2ee,No
01_CANONICAL/company/dayjoy_company_overview.csv,01_CANONICAL,1978,1f6442de608936e464e417f95d1073734c1c683d03b57dc16ca0659f69657b7a,No
01_CANONICAL/company/dayjoy_company_profile.csv,01_CANONICAL,1313,137e33d5b369a42ff0773a30dddbc3d6662235e0583a9eaf47fba3c139b55720,No
01_CANONICAL/company/dayjoy_sub_brands.csv,01_CANONICAL,548,18c9faa84bb80e04a6f2f675ad6a5d6c116b6cb8b70f12335e756e15f3674510,No
01_CANONICAL/compensation/README.md,01_CANONICAL,4349,ea0bc9c650e9d4ace601f490348c5a76da50f74749456001ef23632ad073f058,No
01_CANONICAL/compensation/compensation_examples.csv,01_CANONICAL,4212,387e757b4cb1773fd8c675b55bcde200cf65012d1a76640c23e5d08ca8ebf83f,No
01_CANONICAL/compensation/compensation_gap_report.csv,01_CANONICAL,8908,a9f28f3f92ba2975eb99823dddce9b72ded86448f5a513943b2053ffe0672cfd,No
01_CANONICAL/compensation/compensation_rules.csv,01_CANONICAL,58848,bd84863faf5a3b9298529171859f72912bf94664cce78e54705b915440675942,No
01_CANONICAL/compensation/dayjoy_compensation_conflicts.csv,01_CANONICAL,4184,dd98858d0d924aa282ab5dc31c5b6a5c63d8bcdfd2a6818e29c5971fdfcd6e02,No
01_CANONICAL/compensation/dayjoy_compensation_plan.csv,01_CANONICAL,1465,babd35ee936c22ccc5af6df1167a4f8cfdf5118cbebdbb6598af905ab18a1d10,No
01_CANONICAL/compensation/dayjoy_compensation_plan_ADDITIONAL_VERIFIED.csv,01_CANONICAL,1288,e1370ad136102f96691c1e24c0ff532e0cea78d7f8fbe3b541caf51a945a0961,No
01_CANONICAL/compensation/dayjoy_compensation_terms_and_conditions.csv,01_CANONICAL,1612,9c8a7b39893e59ae5c34ad93f5143bf427633e1cc94719480bd463abe7d21751,No
01_CANONICAL/compensation/dayjoy_plan_faq_knowledge.csv,01_CANONICAL,4221,ba5ee0cd26f67bc4d3b5b6ee19d9be04e7732e563bb5806485de154c165fe5de,No
01_CANONICAL/compensation/dayjoy_plan_ranks_rewards.csv,01_CANONICAL,3404,382c02f3a6261396da5b4cab415ffa6061561bbd20a32c3c6d9d1c1be2334635,No
01_CANONICAL/compensation/dayjoy_plan_ranks_rewards_VERIFIED.csv,01_CANONICAL,6655,3ebc2b8ec8453d1708ff6aafe0dc61e861072dd6bfe0f6defaa4e6058b371984,No
01_CANONICAL/compensation/distributor_system_narrative_UNSTRUCTURED.md,01_CANONICAL,73363,3f7b5c4b7409d5f91deae5f7dce43eea6679064d718a472a5fdb6e30d261dacd,No
01_CANONICAL/faq/by_product/DJP1000_FAQs.csv,01_CANONICAL,2417,72aff6333b8a0dc07d5fd0d6e755f25e2cc063deb4cb4d5a0309c5c41d94a448,No
01_CANONICAL/faq/by_product/DJP1001_FAQs.csv,01_CANONICAL,2393,6d9d963b3f2edd07fdbdd85f06338b2bddf920d15991acf8e53290c50adfc96d,No
01_CANONICAL/faq/by_product/DJP1002_FAQs.csv,01_CANONICAL,2400,0ce9eb2b2bf516400a7ddbd93c42120287cc1e2c0b26311620d3b4fa20ed8a29,No
01_CANONICAL/faq/by_product/DJP1003_FAQs.csv,01_CANONICAL,2386,80934f0a8b79582640734d6bdaa2a24bc94e2ffa0436ce8d16bbcfbd873abdfc,No
01_CANONICAL/faq/by_product/DJP1004_FAQs.csv,01_CANONICAL,2386,3352c32ce9ca8689fa6ca9031501e303db14f6d25ab1dd863016563e7665cb3b,No
01_CANONICAL/faq/by_product/DJP1005_FAQs.csv,01_CANONICAL,2394,a18113c024dffbe7fd24c57735d2d8ab08ac8655cc39ca4551a37d33a5cba9fc,No
01_CANONICAL/faq/by_product/DJP1006_FAQs.csv,01_CANONICAL,2399,2451aa9cae51130a22393b6b8f1c81f95a5d401f395a76684df5787bce717ae7,No
01_CANONICAL/faq/by_product/DJP1007_FAQs.csv,01_CANONICAL,2401,915f04bfeb0d4b6ddb263bae94da10aa98266a373c86df914f50781b9de26405,No
01_CANONICAL/faq/by_product/DJP1008_FAQs.csv,01_CANONICAL,2394,faeb7bab85515660cc8f847650105384f34ea42a53513823b4d377436782d3d3,No
01_CANONICAL/faq/by_product/DJP1009_FAQs.csv,01_CANONICAL,2399,91a8a6b387c5593b1d072ce428f72db5c9c30f3c639abdd25e794914cc6ffe63,No
01_CANONICAL/faq/by_product/DJP1010_FAQs.csv,01_CANONICAL,2405,0063a5a30296960e2345c2507900b8749a44fc5b4a386e7fa1c83192c65c5b50,No
01_CANONICAL/faq/by_product/DJP1011_FAQs.csv,01_CANONICAL,2406,a34ee02b9cbcfb8633f4496b4363d0d6ad5fa9997ec1c5ecd79563c91cc99dfa,No
01_CANONICAL/faq/by_product/DJP1012_FAQs.csv,01_CANONICAL,2455,9efc0f070352be60c4beee86b488eb8a89f53b50682fe7695f656f1c5714e791,No
01_CANONICAL/faq/by_product/DJP1013_FAQs.csv,01_CANONICAL,2392,7bb1e941b4dec264f0140b20df87bf48d79c13b6327f31ea1c93977fd336b2c2,No
01_CANONICAL/faq/by_product/DJP1014_FAQs.csv,01_CANONICAL,2409,695ec5dc0dc87fe93bc0a7f90982b23a52b49b17ce7f1c0f0dfb1630c22206ad,No
01_CANONICAL/faq/by_product/DJP1015_FAQs.csv,01_CANONICAL,2399,69e54bfae67abc4d9e2214c6b678c69cff6a860ad4851bb6f801e715f6729f7f,No
01_CANONICAL/faq/by_product/DJP1016_FAQs.csv,01_CANONICAL,2402,71e2661dbb52358f7c6f926094a32da73aea930e2b65117f71d45e78bc47bbe9,No
01_CANONICAL/faq/by_product/DJP1017_FAQs.csv,01_CANONICAL,2409,7876144d9d32828799d43531cf88d8e940068111f533cd71b8a17c56de27fbd8,No
01_CANONICAL/faq/by_product/DJP1018_FAQs.csv,01_CANONICAL,2409,73a3bf25ab0b19362964c8598468da05d73e0280dd3c74b8269442d03f473343,No
01_CANONICAL/faq/by_product/DJP1019_FAQs.csv,01_CANONICAL,2377,2b1a79015e0af0ba84b3a61ac3969db023869dc6ce1638969b3b8dabc60c458d,No
01_CANONICAL/faq/by_product/DJP1020_FAQs.csv,01_CANONICAL,2405,dc93ee51745da00250d1b91422f5e8c3f4d36ac9e71fdabfa172ab1dd09077b9,No
01_CANONICAL/faq/by_product/DJP1021_FAQs.csv,01_CANONICAL,2419,3c2b7ba56b8cd097f27b5670872755b902f54a4f1698e677fe235c10e627ccee,No
01_CANONICAL/faq/by_product/DJP1022_FAQs.csv,01_CANONICAL,2407,e6ed9f577409ef27ce2516e90007a7c2d763937d7e0957e470b46ee0fbcbd5f3,No
01_CANONICAL/faq/by_product/DJP1023_FAQs.csv,01_CANONICAL,2432,3abc7b93ffc16ddc4708be72f3afd8a1586e6d4f8f418a6bd6eaaafdc0886474,No
01_CANONICAL/faq/by_product/DJP1024_FAQs.csv,01_CANONICAL,2393,7cf093172037d9448a69567ed795e310710d1ee5dc67b64b701f32b476cad4c6,No
01_CANONICAL/faq/by_product/DJP1025_FAQs.csv,01_CANONICAL,2393,1f335c40fce423c03023387bce847f929d2ee8ca656e89515f262ffdae64f152,No
01_CANONICAL/faq/by_product/DJP1026_FAQs.csv,01_CANONICAL,2463,980a616e7598a4c56d6c675575deab06585ce3f82461f5f21848e668298b77d7,No
01_CANONICAL/faq/by_product/DJP1027_FAQs.csv,01_CANONICAL,2489,1385e7ccfd763adec26b9374b8acc0bc8fe581222a84490f819deb289d6f560b,No
01_CANONICAL/faq/by_product/DJP1028_FAQs.csv,01_CANONICAL,2423,103123483a92e257938d885c150f112bd9f0408b29268876e900d0fca66fa8e1,No
01_CANONICAL/faq/by_product/DJP1029_FAQs.csv,01_CANONICAL,2424,d80507b90d56ab303dec5ae63f68c5aafbb4492e78bd19d8a8a7a41773f4cd89,No
01_CANONICAL/faq/by_product/DJP1030_FAQs.csv,01_CANONICAL,2430,1b11074019b4ef71e9b5402ce1c682a7f73c92baf3c95b874608d21db97bcf27,No
01_CANONICAL/faq/by_product/DJP1031_FAQs.csv,01_CANONICAL,2443,064e09875ff224b8b87567cda31236d3eb4b0a807a6ce90ab1cbf1565b787dcb,No
01_CANONICAL/faq/by_product/DJP1032_FAQs.csv,01_CANONICAL,2473,250d09e088f39941c68f8b60be42e0845a85ceb50b70e8985b1125c3dcf9223e,No
01_CANONICAL/faq/by_product/DJP1033_FAQs.csv,01_CANONICAL,2470,d704fa72999c81a6f1c85a31bc11530f33354c0bde0dcb0875c544b05e59f3b6,No
01_CANONICAL/faq/by_product/DJP1034_FAQs.csv,01_CANONICAL,2469,798bac77138b084343af3ca3ec1b57fbaf55d9a568745fef84e4e1efd2a5cfdb,No
01_CANONICAL/faq/by_product/DJP1035_FAQs.csv,01_CANONICAL,2408,7c5dc878aebfff7d268bd882b15746947d761e8fea9fdad11eee52849440d1a2,No
01_CANONICAL/faq/by_product/DJP1036_FAQs.csv,01_CANONICAL,2438,093e78c29a717d12809a58019970ebf6ed2be849fa51b57dde86179513211805,No
01_CANONICAL/faq/by_product/DJP1037_FAQs.csv,01_CANONICAL,2484,68a76d0fa1c075679eda7e6a1602bab068a32b3e3776bbd68551d8acb78298f0,No
01_CANONICAL/faq/by_product/DJP1038_FAQs.csv,01_CANONICAL,2426,2e7e0a5beafc689c962f7417e643ea760eac626856d9d7993446b81c1aa87dfa,No
01_CANONICAL/faq/by_product/DJP1039_FAQs.csv,01_CANONICAL,2465,ec339bc4a94474956cf5de559f4a75b8945c7cf60c804eb57eb0e261c639c46e,No
01_CANONICAL/faq/by_product/DJP1040_FAQs.csv,01_CANONICAL,2500,4701c4e3f33514ea5fcc7b4f6efa657a5549e1b6f2d9aee9ce58a95e9ef061cf,No
01_CANONICAL/faq/by_product/DJP1041_FAQs.csv,01_CANONICAL,2460,9c5001e90f95baf962d5b411bed4c456cbe5d299c308b7502d9a051d6552792d,No
01_CANONICAL/faq/by_product/DJP1042_FAQs.csv,01_CANONICAL,2499,442df7a39efd2ac2f471ca357e69e3c373bfde51075b9289771a020653b14846,No
01_CANONICAL/faq/by_product/DJP1043_FAQs.csv,01_CANONICAL,2462,48aa4bf24c2a01991e0a77de22f14d7a78bcc7201df894d5182a07c3fce2fdae,No
01_CANONICAL/faq/by_product/DJP1044_FAQs.csv,01_CANONICAL,2465,3770f52d378ad8c4b509cefb5fd20d63cba47ada965a14c8bdd14261444a6cc9,No
01_CANONICAL/faq/by_product/DJP1045_FAQs.csv,01_CANONICAL,2496,b0f3925659c9b9b4136389afc4c2938e32d1fae3636b22f29d128fcd7f24c72e,No
01_CANONICAL/faq/by_product/DJP1046_FAQs.csv,01_CANONICAL,2446,0362e34985e9a749e73041af41bbd9a1576d5a3b5b10dd2a8d11285ca012addf,No
01_CANONICAL/faq/by_product/DJP1047_FAQs.csv,01_CANONICAL,2437,ebbbee4f361bff30a5923e88b784b2b9ad43293da2de6a65cac74ea918b151e8,No
01_CANONICAL/faq/by_product/DJP1048_FAQs.csv,01_CANONICAL,2455,8cb07b7f5efedc5b2fadcf05bbed11d2f0f61f5e3992b3603db016229a4abd92,No
01_CANONICAL/faq/by_product/DJP1049_FAQs.csv,01_CANONICAL,2461,69e34f6eca88f936ca57e524081c78241ae7282f2fb6bf477d9a92beb6737cba,No
01_CANONICAL/faq/by_product/DJP1050_FAQs.csv,01_CANONICAL,2449,0d70420fef684764af09186050d2992a06fe2039274dcbb6f20890214a5ba64d,No
01_CANONICAL/faq/by_product/DJP1051_FAQs.csv,01_CANONICAL,2462,c823f618a64c5d3ebe0da6807604ce6478fcbf0d39aca6ecdf8e51b618abe97b,No
01_CANONICAL/faq/by_product/DJP1052_FAQs.csv,01_CANONICAL,2463,a22124370fffe3f45c425034fe444ea778648f1ae8dab8d6e0cca9252fac7f72,No
01_CANONICAL/faq/by_product/DJP1053_FAQs.csv,01_CANONICAL,2455,f5f4e56296f5e0f8f98f04614a269ffb8286da95b946162566553b8432cc5718,No
01_CANONICAL/faq/by_product/DJP1054_FAQs.csv,01_CANONICAL,2433,790368f18b49da4d10c40b870dd0f12568716df601d08f59e8d411ff89b0f8e9,No
01_CANONICAL/faq/by_product/DJP1055_FAQs.csv,01_CANONICAL,2472,7263c97e38063635ffa66d82ee264c207e6b41ec2ce8dc8a03a226051d58ecaa,No
01_CANONICAL/faq/by_product/DJP1056_FAQs.csv,01_CANONICAL,2451,43bbbe61fca8251f4a12710171b1aad47f55ccb3f4fc6debebdf4f642775ee0f,No
01_CANONICAL/faq/by_product/DJP1057_FAQs.csv,01_CANONICAL,2416,76fb306b6e45692d156d0d45bb040da584bd7a63e9800d48940da6b9e4c05786,No
01_CANONICAL/faq/by_product/DJP1058_FAQs.csv,01_CANONICAL,2409,23d60a091640d4c0919a8380f8526dd596e8465ad72a44fa3f71e34715e06a66,No
01_CANONICAL/faq/by_product/DJP1059_FAQs.csv,01_CANONICAL,2436,b30d3e242a8a5da16a26706f875fe179532f30d3c7c3b70ffc651510763f464f,No
01_CANONICAL/faq/by_product/DJP1060_FAQs.csv,01_CANONICAL,2449,384e71d06464fa3a3d9efd40f699e26a1a7540443b72bd4396150e48929d8ed7,No
01_CANONICAL/faq/by_product/DJP1061_FAQs.csv,01_CANONICAL,2470,cbfaca428ede54f06d5eeb33c9453d94c59d2572a0fbfc5991d485c55431a1bf,No
01_CANONICAL/faq/by_product/DJP1062_FAQs.csv,01_CANONICAL,2485,3de52d07a80663d6c464d670f73b286cbc4a2662c07f9098f7bcb621430644ac,No
01_CANONICAL/faq/by_product/DJP1063_FAQs.csv,01_CANONICAL,2429,5f2a833dc254f5336971ea9c00d08819325ff56b7a407943cbd26ac8ef18d2be,No
01_CANONICAL/faq/by_product/DJP1064_FAQs.csv,01_CANONICAL,2439,5513a4d722d74a05ddc02fdaf3f6bf13e992c92136ef068ea35b4057a5e384fd,No
01_CANONICAL/faq/by_product/DJP1065_FAQs.csv,01_CANONICAL,2470,d1253666f147860fe0e6108bf32f93c4f41153619e2f7af58c9e9ece23aff80a,No
01_CANONICAL/faq/by_product/DJP1066_FAQs.csv,01_CANONICAL,2540,54bc9e444077eb42c50ff3a15e980360bc43d164968aa37205a85d54a6d19805,No
01_CANONICAL/faq/by_product/DJP1067_FAQs.csv,01_CANONICAL,2549,d99dbcb28c5778f6c7e8bc1acb4e47b9fbde6b71a1efef053a3ecf17a43f5cfd,No
01_CANONICAL/faq/by_product/DJP1068_FAQs.csv,01_CANONICAL,2389,b471705523aa9e85835e87e07dd0913e1edb29606d7a05a9dd0082f3ccb50923,No
01_CANONICAL/faq/by_product/DJP1069_FAQs.csv,01_CANONICAL,2389,f14fe5cf670cc4cf896c31d5c3c70896ff4c6031f90529d587cd7ae41eea6dfb,No
01_CANONICAL/faq/by_product/DJP1070_FAQs.csv,01_CANONICAL,2477,363af2329029086be92434071f12dd431d6f351ef9acfd88fdafd8f855eb9eb8,No
01_CANONICAL/faq/by_product/DJP1071_FAQs.csv,01_CANONICAL,2472,742bdd1e3b073585912415e38ff527db9d2abadb2b63e121e5e08003adfa099a,No
01_CANONICAL/faq/by_product/DJP1072_FAQs.csv,01_CANONICAL,2489,265ae917fb5b3b555695af02c6cef5e431e00a62d98d020b1cd45313c0779b4c,No
01_CANONICAL/faq/by_product/DJP1073_FAQs.csv,01_CANONICAL,2414,ef5c6373a951478fda7e3bf652b544d052ff381c7f44b0cb31ae3cd222b260b6,No
01_CANONICAL/faq/by_product/DJP1074_FAQs.csv,01_CANONICAL,2405,4d40abd3377a579ac3c960c5cf05d69dade8156df9162ce371682f34994d4850,No
01_CANONICAL/faq/by_product/DJP1075_FAQs.csv,01_CANONICAL,2447,52c0067f6d1c73d1b4631d32ee6fc566af28d5bbf070739099bb07cddbee3348,No
01_CANONICAL/faq/by_product/DJP1076_FAQs.csv,01_CANONICAL,2426,340e989283dab030f867f801c12e0bf2e37cb1ae7023138b9e06705925dfc0ce,No
01_CANONICAL/faq/by_product/DJP1077_FAQs.csv,01_CANONICAL,2396,ecdc6b585696139a7f0441fee52783912ceb183a2aa52e7d5ef667ed051a12c6,No
01_CANONICAL/faq/by_product/DJP1078_FAQs.csv,01_CANONICAL,2464,8afc2173404a710b23186fa6591db4133ff27a84737bb5fccfed866d9621ebfe,No
01_CANONICAL/faq/by_product/DJP1079_FAQs.csv,01_CANONICAL,2376,51477bde4a6ee9ddbc66f65f752ce1cdae9d4595033edeb4ffd5b1a6b366699c,No
01_CANONICAL/faq/by_product/DJP1080_FAQs.csv,01_CANONICAL,2668,d1f8427006bad6929dd9b18f3414518a70f23270ba5e87cfa15eed5c5a4c68c9,No
01_CANONICAL/faq/by_product/DJP1081_FAQs.csv,01_CANONICAL,2463,d75dced47cb1281d76dda077cb5fecfea9c9030ffb194c5b67790d7e34273cd3,No
01_CANONICAL/faq/by_product/DJP1082_FAQs.csv,01_CANONICAL,2464,a94e808205d8b4c6c1fc69ee88239b2305275d79ae19c62f0665ce86defdcac9,No
01_CANONICAL/faq/by_product/DJP1083_FAQs.csv,01_CANONICAL,2580,bde1c041b38bbeb43c07610e191bc02abc07b8f3e5536fd951f2bc76d355a089,No
01_CANONICAL/faq/by_product/DJP1084_FAQs.csv,01_CANONICAL,2594,5ad673e1a54922bc0565625a90315f4ad207324deca78181fc77a1c29c8a49e8,No
01_CANONICAL/faq/by_product/DJP1085_FAQs.csv,01_CANONICAL,2429,209c0c51f43c6ce04b81c6f96b6bce88647b474ea2fa8ce5105f590bc536d09d,No
01_CANONICAL/faq/by_product/DJP1086_FAQs.csv,01_CANONICAL,2478,8b7b35cf67f2acaea7f55ce4897b7f11868412daaea97894abd23ade062bf687,No
01_CANONICAL/faq/by_product/DJP1087_FAQs.csv,01_CANONICAL,2497,e1baa3089b4e64829edd07e9394c53dc93eef04c272bfb3c9c53ecea443cf134,No
01_CANONICAL/faq/by_product/DJP1088_FAQs.csv,01_CANONICAL,2468,9cadafcdc3b503c7ec7252869065a9a1753fc43576cb1b86d870d8875928ba9b,No
01_CANONICAL/faq/by_product/DJP1089_FAQs.csv,01_CANONICAL,2469,0f9ccf44158e311179a8305e56ab0d3fa972bfc2a27cbdb443e1ce20586ec980,No
01_CANONICAL/faq/by_product/DJP1090_FAQs.csv,01_CANONICAL,2382,d9128c3a93426fbc98113083755fb08441f64870f9a1447bd5b4cf752a548f8f,No
01_CANONICAL/faq/by_product/DJP1091_FAQs.csv,01_CANONICAL,2539,1ff091718223b2216d572766a53158d5292e56ce9399ab3ba63c00af2da3ddf4,No
01_CANONICAL/faq/by_product/DJP1092_FAQs.csv,01_CANONICAL,2374,09e3c7ec7e51031915c9bea2824bd89936c0ef9bce3ce1218a401d9571191d37,No
01_CANONICAL/faq/by_product/DJP1093_FAQs.csv,01_CANONICAL,2375,dd564535326fca2e7547e80c13ecb989749395ebd773083671445aa817a351d6,No
01_CANONICAL/faq/by_product/DJP1094_FAQs.csv,01_CANONICAL,2387,adf021ae3f9f2253b46f917a34c751835af62102017374ac7d18bb5d1d560c62,No
01_CANONICAL/faq/by_product/DJP1095_FAQs.csv,01_CANONICAL,2452,2991931e432550974de9f2f0e65a3342f5caeb1c751ec9cdb7001e33b3d1c2f2,No
01_CANONICAL/faq/by_product/DJP1096_FAQs.csv,01_CANONICAL,2456,aeb178a5de1c80c827a95b174f9b4bb09c9cc58f728e7b19b3a8e67471eb029e,No
01_CANONICAL/faq/by_product/DJP1097_FAQs.csv,01_CANONICAL,2451,0888b1bf3ed7c86fb977f7244d31163a75d51879fcc0161590c4a465d2b31dfb,No
01_CANONICAL/faq/by_product/DJP1098_FAQs.csv,01_CANONICAL,2494,93a6b6b3099c419a285b37382de08afdf39d92c40a7c16f5e6b0c1f9677b5f2d,No
01_CANONICAL/faq/by_product/DJP1099_FAQs.csv,01_CANONICAL,2512,e7e4edf14dc55b59125a770316cca91a67ba180fbb5b769ac3b77f73276c7a33,No
01_CANONICAL/faq/by_product/DJP1100_FAQs.csv,01_CANONICAL,2464,2b7ec9b77fcb0038c948ff9e3b457b4ad8df3f901e769e6d7edafa5283d63f5f,No
01_CANONICAL/faq/by_product/DJP1101_FAQs.csv,01_CANONICAL,2420,7c17983d3181bed4f36288f56ffa2b19c43666c21d80fb883386596d2ddaad0c,No
01_CANONICAL/faq/by_product/DJP1102_FAQs.csv,01_CANONICAL,2554,9299487a1916b7c463d72c279d5f0ba7cb4060bc72ea7a54f9c78297aedc9c16,No
01_CANONICAL/faq/by_product/DJP1103_FAQs.csv,01_CANONICAL,2421,ec7bdd6f4c659150d858807e305306ad608e8b0891132c4ff00f6d1819d7a29e,No
01_CANONICAL/faq/by_product/DJP1104_FAQs.csv,01_CANONICAL,2452,34f0f1bf1733ab2b44469b06b002e0e44923e99f6fb5e0c47cd315c627a0178b,No
01_CANONICAL/faq/by_product/DJP1105_FAQs.csv,01_CANONICAL,2504,3d99f4ef309b45ea57237e0bd6d97c8709d1196096a945ff31e7f695710c179d,No
01_CANONICAL/faq/by_product/DJP1106_FAQs.csv,01_CANONICAL,2515,5891eb9571931f61f9cab6f4c75c851a159cefe35a7d2070afb8fc79933273f7,No
01_CANONICAL/faq/by_product/DJP1107_FAQs.csv,01_CANONICAL,2519,fef8748a6d709ca9f68e628db80ad16408dec028a84e06b51fa92e1c18ca5b95,No
01_CANONICAL/faq/by_product/DJP1108_FAQs.csv,01_CANONICAL,2439,c033fd225a882d29aafabaabcc7008884ae3982e92f97310ff962ef5321f7cf8,No
01_CANONICAL/faq/by_product/DJP1109_FAQs.csv,01_CANONICAL,2596,ba143eadf4be9f86051153aec356ddc015354a5e27c886800b36d0fcdfefe30a,No
01_CANONICAL/faq/by_product/DJP1110_FAQs.csv,01_CANONICAL,2460,e2352a913bc8e9e8c2c7c0f1e174895e20065358f30b8e792a04e99d3efca27a,No
01_CANONICAL/faq/by_product/DJP1111_FAQs.csv,01_CANONICAL,2415,a6955e356163d817f1fabbc5a311fde50736c32aaa502e69667c0c94f07b178b,No
01_CANONICAL/faq/by_product/DJP1112_FAQs.csv,01_CANONICAL,2430,6750e5b1ae19a8fd83a2ba5d3b396aa299152133dcf8ddc6743ea2521f1c3f51,No
01_CANONICAL/faq/by_product/DJP1113_FAQs.csv,01_CANONICAL,2447,91c3c3106f245315d03a984269cad48f8bef3f81a43b85303100153c8f82965e,No
01_CANONICAL/faq/by_product/DJP1114_FAQs.csv,01_CANONICAL,2403,88bc49f6bf75270979914036213b42781545fc8c7d3295d83262ae5087a952fd,No
01_CANONICAL/faq/by_product/DJP1115_FAQs.csv,01_CANONICAL,2317,aebaf0374a6880c80ca98af920e585cf12379cec341a78e534bea598ae53061d,No
01_CANONICAL/faq/by_product/DJP1116_FAQs.csv,01_CANONICAL,2317,798de1bd458fa940e69d0a540299a72ea9067bb0baa73bafcb9b88cba7c17e71,No
01_CANONICAL/faq/by_product/DJP1117_FAQs.csv,01_CANONICAL,2308,591ebce60d70fcc5ddbe7f6503c50ec8a40290cd55c19c1446f1979dcb69e02a,No
01_CANONICAL/faq/by_product/DJP1118_FAQs.csv,01_CANONICAL,2332,f669724d8cd6bc42896b6db2e6a19b1b36800eec915bb3ec91e89aab5a7e90fe,No
01_CANONICAL/faq/by_product/DJP1119_FAQs.csv,01_CANONICAL,2315,43f9a72936723c107ba3f65bc3026bec3e80111b9b3d38640b0bfb3d5723a4b2,No
01_CANONICAL/faq/by_product/DJP1120_FAQs.csv,01_CANONICAL,2308,80d24c31cbb731929edc9666767680c5ad47e53144c9ffa498be81852d9fdb8a,No
01_CANONICAL/faq/by_product/DJP1121_FAQs.csv,01_CANONICAL,2269,25fc88fc0501d6811f730aca5e430c3ba96e9591177bbc50e1b57048d2d7723f,No
01_CANONICAL/faq/by_product/DJP1122_FAQs.csv,01_CANONICAL,2326,ae3ad5bad46ad507254aed5939cd6ea84e0b41f8d2a5f0415cbc6402e171a861,No
01_CANONICAL/faq/by_product/DJP1123_FAQs.csv,01_CANONICAL,2376,fd3a98f2d2f1daec17b1563b3344f58ac670ce8c94e62a0f072640c447ea03f4,No
01_CANONICAL/faq/by_product/DJP1124_FAQs.csv,01_CANONICAL,2359,0275fe073840b3c8a0fb0037ef3755cceb009ebe91145a9255c318c34b29b5bf,No
01_CANONICAL/faq/by_product/DJP1125_FAQs.csv,01_CANONICAL,2359,84b11ada0260828236fd44778fb99a5ed395f744c7ad757b677660d443cd9613,No
01_CANONICAL/faq/by_product/DJP1126_FAQs.csv,01_CANONICAL,2359,41712a7611613678a8684646af2999bda39a3f1fb1a14186518a43070d66ae9e,No
01_CANONICAL/faq/by_product/DJP1127_FAQs.csv,01_CANONICAL,2359,7c0691e4da6a9834436f7b79d735cde774aff5d5b1ea42a0e759f6356e571cb4,No
01_CANONICAL/faq/by_product/DJP1128_FAQs.csv,01_CANONICAL,2348,a4e692481b393301309aa6b12e58fdc07cbc51a25603bfc250b73705125f5598,No
01_CANONICAL/faq/by_product/DJP1129_FAQs.csv,01_CANONICAL,2354,012b5eac47458a1d7b6eae45236aae201c2aa67f4a869c71174a2148d86f7342,No
01_CANONICAL/faq/by_product/DJP1130_FAQs.csv,01_CANONICAL,2353,0cf3e9afbcd3387240b4ab25a01bbed1add29befe1643193d2d334b2b5e2c3ef,No
01_CANONICAL/faq/by_product/DJP1131_FAQs.csv,01_CANONICAL,2375,fe70c8a88f8b9083cd8c4733efa18b0b8890d1623bf5ff3466c6eef18fd4515b,No
01_CANONICAL/faq/by_product/DJP1132_FAQs.csv,01_CANONICAL,2375,647dc35902cb057ee2ce6f06e24ae586f668cb6e875a8d9bd95e5c4b0d5694e5,No
01_CANONICAL/faq/by_product/DJP1133_FAQs.csv,01_CANONICAL,2377,3eacb4521dba4aa016f781677d6290f161aab8cbce3649785f786aeb4bc08b6f,No
01_CANONICAL/faq/by_product/DJP1134_FAQs.csv,01_CANONICAL,2353,5ffb11398fd5c4eca651a2bcf687ddf8e822a1d2083d54928bec1b9c41bf026d,No
01_CANONICAL/faq/by_product/DJP1135_FAQs.csv,01_CANONICAL,2361,dfd3560fe7b425ecc2d55fed33d50781311adfe521b8e09e5cb02723a1e1aa72,No
01_CANONICAL/faq/by_product/DJP1136_FAQs.csv,01_CANONICAL,2365,155f19d3fe70a715a5384e474b389f58f436658ae4465fc5aabf6ec982474fb1,No
01_CANONICAL/faq/by_product/DJP1137_FAQs.csv,01_CANONICAL,2408,d656d0284f203cd90943c83456eecd9b72e7f3630997bbf5de577f06e50d3c80,No
01_CANONICAL/faq/by_product/DJP1138_FAQs.csv,01_CANONICAL,2334,90d0cef3a6c3e6121b5a413284342faba92ad1d6d1ccc92e7c1b8077cb57cf69,No
01_CANONICAL/faq/by_product/DJP1139_FAQs.csv,01_CANONICAL,2322,21b72e4860b7146750daf74aa0f1c6dcc6ce5304f4c5a895d46aaeb19d3e326f,No
01_CANONICAL/faq/by_product/DJP1140_FAQs.csv,01_CANONICAL,2297,aee4ffa0711c41c4680ad29fb1d5b15ba02eb42eb9f515ba5bed84628def978e,No
01_CANONICAL/faq/by_product/DJP1141_FAQs.csv,01_CANONICAL,2335,03bfc0b1f9243bd2c876a8280117f3cd3ad9cae8d62778d415aa5c9e0e50996b,No
01_CANONICAL/faq/by_product/DJP1142_FAQs.csv,01_CANONICAL,2345,f25294e3460bed4381d654838da49a7dd2c86e8e4ba0bf783ec17de50434a0d6,No
01_CANONICAL/faq/by_product/DJP1143_FAQs.csv,01_CANONICAL,2345,6da996ac6c397f5693a8e5d398685d7730ad0b89804986eb60efc584c33f7f9b,No
01_CANONICAL/faq/by_product/DJP1144_FAQs.csv,01_CANONICAL,2309,6c7618b885184fd2bb30c7025c14faadbd0393fb80538ac8b3561426fc6ef34a,No
01_CANONICAL/faq/by_product/DJP1145_FAQs.csv,01_CANONICAL,2312,635355806d9070948e246f631f2db5955c76f4ea8538577747f086109a6a8dba,No
01_CANONICAL/faq/by_product/DJP1146_FAQs.csv,01_CANONICAL,2281,8524d0d09df2897928e97cb0def5c00412de1edf216c628ca390237d2e0b7eff,No
01_CANONICAL/faq/by_product/DJP1147_FAQs.csv,01_CANONICAL,2303,66aa13c9c03f2932226b6bd32b0842d69e7d48660d34c819598367cdca8ff0c5,No
01_CANONICAL/faq/by_product/DJP1148_FAQs.csv,01_CANONICAL,2273,a8d5121e2c68b260593861ead9fd0e5dffcc8d43129e513ce9a87692a8a1296b,No
01_CANONICAL/faq/by_product/DJP1149_FAQs.csv,01_CANONICAL,2275,180498d26c523f880a6e61cfd30b3b37830412989dde601150d8183e38683310,No
01_CANONICAL/faq/by_product/DJP1150_FAQs.csv,01_CANONICAL,2300,9da25c648c669157a06ae1a958cb3b1b9dbc13776b075018b3df71d34a39077d,No
01_CANONICAL/faq/by_product/DJP1151_FAQs.csv,01_CANONICAL,2297,f7709efef5fb4e191795db1c943f06a21f2aa74a3f213b4423aad9589bc81fb8,No
01_CANONICAL/faq/by_product/DJP1152_FAQs.csv,01_CANONICAL,2275,df2e487ec40b5b2fe99eee5a0b2b4a25be617e7698df196c17d6c3c1de4ed118,No
01_CANONICAL/faq/by_product/DJP1153_FAQs.csv,01_CANONICAL,2304,2108d05d8c8b04d78b0479d6570d415a232f6a43e94ee2ef70a11a9c9705485f,No
01_CANONICAL/faq/by_product/DJP1154_FAQs.csv,01_CANONICAL,2352,2b256f26d9dc683ab8413c14cf147899e8d766e9cf212f5d68e7d85e8aa37f5e,No
01_CANONICAL/faq/by_product/DJP1155_FAQs.csv,01_CANONICAL,2360,8f35d334e565a10ae6adfe69964914cdc3eb1b2d16c62c2c7058cec337c4b83b,No
01_CANONICAL/faq/by_product/DJP1156_FAQs.csv,01_CANONICAL,2356,e332528bb55e5cfa887826ca567d52ae0750616bc1557ebcc13c4cb6b562f2d7,No
01_CANONICAL/faq/by_product/DJP1157_FAQs.csv,01_CANONICAL,2371,5d3e452618e986793e078588db488d670f8e0501b98ae8bb67fae977241776a8,No
01_CANONICAL/faq/by_product/DJP1158_FAQs.csv,01_CANONICAL,2417,e8981c5444ff9311aa8361e0556e67152f04ff349395ed70cbbd3e870b40c268,No
01_CANONICAL/faq/by_product/DJP1159_FAQs.csv,01_CANONICAL,2423,137a3ddd0c5914f88e16fa25ba33a1ea2f318a6b155997ba709afcd6ec588bb7,No
01_CANONICAL/faq/by_product/DJP1160_FAQs.csv,01_CANONICAL,2419,9dbc48697ba055c2fb0202736f53c34a6c67aa507fdc20e4ceb52c13f9fffdea,No
01_CANONICAL/faq/by_product/DJP1161_FAQs.csv,01_CANONICAL,2425,1fc42df9b2120831f8e1ebb872cec45f95e8afe2cbefe13293af842a01ae3a0a,No
01_CANONICAL/faq/by_product/DJP1162_FAQs.csv,01_CANONICAL,2355,8824947c42e73e088adf877dcfc739168294dacb394cb4ce96b878c4cd442370,No
01_CANONICAL/faq/by_product/DJP1163_FAQs.csv,01_CANONICAL,2363,925b9593910459307c5d13e85252b1f68891f10dafe8a418c72839f7a9c6e43d,No
01_CANONICAL/faq/by_product/DJP1164_FAQs.csv,01_CANONICAL,2296,b792c41c28794a7e6b0bdd20a6bbf58485ab931f0b704eff4cc0da75c573db24,No
01_CANONICAL/faq/by_product/DJP1165_FAQs.csv,01_CANONICAL,2294,4e6ac44bca2064298b941f5ba737069e89d0dbcee9647ffba787558b2c1e0423,No
01_CANONICAL/faq/by_product/DJP1166_FAQs.csv,01_CANONICAL,2288,9c353bd7e25a6e9c9a5f9513e9bf0c90bff7b8c800fff83e6d7e04b81e052612,No
01_CANONICAL/faq/by_product/DJP1167_FAQs.csv,01_CANONICAL,2298,90c04dd08d61c6e518371c0acffb172abfdb38cb561fd0ae7498e39c841a174b,No
01_CANONICAL/faq/by_product/DJP1168_FAQs.csv,01_CANONICAL,2309,26360ec704ebf4a2efebbde78e15f314d1bff55268217d601ab9b6e59ffbc8d9,No
01_CANONICAL/faq/by_product/DJP1169_FAQs.csv,01_CANONICAL,2292,8b6b83ca6bfdbe1fe77da28ce23c14d3fe88c61e1f46011bba538e42e49faf95,No
01_CANONICAL/faq/dayjoy_faq_canonical_v2.csv,01_CANONICAL,412239,33f7045dba7fce713e3fade75dba1e0528d8bb09abc33c7718770d14202802a7,No
01_CANONICAL/faq/dayjoy_faq_combined_canonical.csv,01_CANONICAL,388003,44d8cdf5b51deaba7c3865545feae34cd6e3b6b9bb39a3fe3d057eff079d92b4,No
01_CANONICAL/faq/faq_gap_report.csv,01_CANONICAL,3872,38ec17bc7a1dd67a1c837cf62335d57f5410a4f7be9446e41c2c7cc8983a8746,No
01_CANONICAL/policies/Income_Disclaimer_Dayjoy.pdf,01_CANONICAL,459681,d8d56172b040fedd96a14bc89e13e0a52583989560a2fa3ec75568fba5d54fe3,No
01_CANONICAL/policies/PaymentGatewayPolicy_Dayjoy.pdf,01_CANONICAL,459239,b66514643d0b509834876cfd79091d8ebd4beaf46e49bc2183305a398349e3bf,No
01_CANONICAL/policies/Social_Media_Policy_Dayjoy.pdf,01_CANONICAL,468904,207d729d08c059d35be8524bd7e80d99c4365f18d2424aa3342a9e1e79d36d4c,No
01_CANONICAL/policies/dayjoy_canonical_answer_policy.csv,01_CANONICAL,863,a59d07914204ab51b9179685253744b2600c8fe9b96ca9bb06f4ec9089d8d97c,No
01_CANONICAL/pricing/India BV Price May 2026.pdf,01_CANONICAL,1889320,84ecd2c43dcea939bb4923b04894d6096bd2202e98288984bc3ec654cc04e117,No
01_CANONICAL/pricing/README.md,01_CANONICAL,2512,73132707864671039c8fae8147019327de4f95c8f3ae08ba78d764659254fe33,No
01_CANONICAL/pricing/dayjoy_price_list_extracted_from_pdf.csv,01_CANONICAL,11697,8511e376531082e90a63c9977ebc7ecb6ec9ba7262004a3be6fbd66fdc8a2980,No
01_CANONICAL/pricing/dayjoy_price_list_may2026.csv,01_CANONICAL,38759,6e2902b0d7f50dff434b50b879c2c0351a598eac28fc5eab839ff917dfdde345,No
01_CANONICAL/pricing/dayjoy_price_list_may2026.json,01_CANONICAL,123946,c66e2819ed9300f2c099ef0ad612079254a9186afbc57b508854df22b58e8d90,No
01_CANONICAL/pricing/dayjoy_price_list_may2026_supabase.sql,01_CANONICAL,135446,6f10b63bed1bc3eafa6a111a725d8e087dab8fac05a41433976101c0fcf3eeed,No
01_CANONICAL/products/T001_CATALOG_MERGE_SUMMARY.md,01_CANONICAL,4244,156ac7c4b3e5b9c2921f5b74abd6336aefc6f52fce071f93b98c2b7b90cab4fa,No
01_CANONICAL/products/T002_BROCHURE_REEXTRACTION_SUMMARY.md,01_CANONICAL,8845,09880490f2e81f3248c70c9153eea4d9e03fe77f0814dc9db38a39972e85c050,No
01_CANONICAL/products/catalog86_pricing_crosscheck_conflicts.csv,01_CANONICAL,2342,ecdb5a92a0b7e9e6ad57b81e1141cae506f1f8d86f21043622700cb09f87260f,No
01_CANONICAL/products/dayjoy_product_master_canonical.csv,01_CANONICAL,130280,477a896f37b956623b14f72b56ad70a363f61c47504049a8b39ca8fdfdddb19c,No
01_CANONICAL/products/dayjoy_products_catalog_86items_UNMATCHED.csv,01_CANONICAL,1252,ae95f5b6cbf6aa2a43103afe527001bd7fd33749e1d4ed8438979e861021ae9b,No
01_CANONICAL/products/dayjoy_products_catalog_UNRECONCILED_86items.csv,01_CANONICAL,18307,e03005638211447eb376932d401a309097f7525e46ead140ec558bdb707b1a2f,No
01_CANONICAL/products/dayjoy_recommendation_index_by_condition.csv,01_CANONICAL,82252,92baeee2d3951b4b82bb272b7d1cad8e3b7a377b39d2d01ba02ad9c6cd927030,No
01_CANONICAL/support/README.md,01_CANONICAL,3109,543084d96fe522e0fd14f298a79abbcf690f53f7caf38ac813b6710fafc51b57,No
01_CANONICAL/support/support_allowed_actions.csv,01_CANONICAL,3100,41255cd425a72cd0d9eea45d1868c5b023d99b4168d7ce90f7b0a4bc4c4ffd15,No
01_CANONICAL/support/support_contacts.csv,01_CANONICAL,2606,d47af5d7b23206ffa6a08383d56617ca8ac30fb9a79fe37e2cf078e020a82e83,No
01_CANONICAL/support/support_decision_tree.md,01_CANONICAL,3616,c2de7c81211e83f6bdeb9a72a2e709747af9ff1e29e3e5487be173cc33f431f6,No
01_CANONICAL/support/support_escalation_rules.csv,01_CANONICAL,3422,1d0c5f19562515816154956faa6ce61f4f8c7ec0697de9ad4f66547d03183c74,No
01_CANONICAL/support/support_intents.csv,01_CANONICAL,8253,ed02518f662d4e9c7eab66f0a8ccbaa0c71a537558b15c50988068e1bd6e1819,No
01_CANONICAL/support/support_policies.csv,01_CANONICAL,7517,2a4c9cda47c41136f2676ae05601748cf4c3c33fbed38c7ef54f72278024dc8c,No
01_CANONICAL/support/support_prohibited_promises.csv,01_CANONICAL,2468,6a5c01a1aa12b873c17e5e3424a42b4097376c5d2308e5f34cfcda74e80bb7ca,No
01_CANONICAL/support/support_required_information.csv,01_CANONICAL,1785,08891f75c4864500eade48b14e51b0eb92f99745e4e39b661048158c9ff2a299,No
01_CANONICAL/support/support_sla.csv,01_CANONICAL,3288,e7b76c7c6f1bb141efa6a0f2a49abb7ebd863b0eef1e08fff24679f12161d3da,No
01_CANONICAL/training/README.md,01_CANONICAL,3057,6cc9c569f959e76f4b52eec6605e7fc35a9e5ddf5d9ea96f5e652cc31593967f,No
01_CANONICAL/training/training_curriculum.csv,01_CANONICAL,75324,80b50923a9f49bae5a38e2aa9127abfc7e8fa56175a7658eb8f8f7a2bef3f891,No
01_SOURCE_REGISTRY_AUDIT.md,01_SOURCE_REGISTRY_AUDIT.md,16637,4127ab9103ba675cfb560b557d33a6511f33df74e81b46393c660611c3317d52,No
02_PRODUCT_MASTER_AUDIT.md,02_PRODUCT_MASTER_AUDIT.md,21845,d609814629c9b3d1e53215e12d8d47ee2c81bf3f9987f5a7a23068b2b225b042,No
02_RELATIONSHIPS/category_graph/README.md,02_RELATIONSHIPS,692,7f9538250e85fc538b1ff33385249e338f32a413b28240687ce900b9494795c2,No
02_RELATIONSHIPS/knowledge_graph/README.md,02_RELATIONSHIPS,2708,b6c07dc98ec87f5d3612825dfa2beecf4802c483368e1303b06d39b349c8f412,No
02_RELATIONSHIPS/knowledge_graph/kg_edges.csv,02_RELATIONSHIPS,502549,c1e0723f3866c734db08fb7429a64eb6372838e6009f64debb260a5bdef164e8,No
02_RELATIONSHIPS/knowledge_graph/kg_nodes.csv,02_RELATIONSHIPS,160539,3d4190f4eb60d94238f990f11b5f4cdd3ddf02b8fec060caaa19a5307db6a657,No
02_RELATIONSHIPS/product_relationships/dayjoy_health_condition_recommendation_chart.csv,02_RELATIONSHIPS,76469,6fc42c95691a0d0cd21683c942edd6f13db07cb97d00420536fd692383dc5e9c,No
02_RELATIONSHIPS/product_relationships/dayjoy_health_recommendation_chart_summary.csv,02_RELATIONSHIPS,2611,ab887b6a3a8712b664dcb626414a4264549a1239105d67227d7dc60a7d43496a,No
02_RELATIONSHIPS/product_relationships/dayjoy_product_relationships.csv,02_RELATIONSHIPS,33645,e815395c0312d4273dc2e7924717ef2bceee2d3a553381ef2ae9dbffb05c3b02,No
02_RELATIONSHIPS/product_relationships/dayjoy_product_relationships_OPEN_REVIEW_ITEMS.csv,02_RELATIONSHIPS,62044,67a060fd3fc0a1ba29af57d95d2a98f7ef12ed048e590dbeafce34ab33139573,No
02_RELATIONSHIPS/product_relationships/product_relationship_edges.csv,02_RELATIONSHIPS,516188,4ed859fc7ea7e50c03737b014d6c2743d1ff717de6f347e88b382517584162c4,No
03_AI_DATASETS/conversations/conversation_examples_LABELED.csv,03_AI_DATASETS,22924,3268fde5d30f0e2448f45d8a9a74182a54af2b94fa5698cd7360e3ccf49c0899,No
03_AI_DATASETS/conversations/dayjoy_ai_memory_dataset.csv,03_AI_DATASETS,224239,ee24587cf130e10eb476ec7755a13bb4a8577f438d971d36808030e2a15ddd6d,No
03_AI_DATASETS/conversations/dayjoy_ai_memory_sharegpt.jsonl,03_AI_DATASETS,116699,1461105b33d5d36a64c5fff7c60aa1b9574da12ccc8ff95d4ccf29cfbe8b505e,No
03_AI_DATASETS/customer_journeys/customer_journey_notes.md,03_AI_DATASETS,379,e671a1a412fbf345f5b48f711a0c270b39f0738dbcf6b1745db550a4b8efedcf,No
03_AI_DATASETS/faq/README.md,03_AI_DATASETS,935,5e49426de596833244c5ade874ddef570a8af07a570e517da6fd28ffb64688b5,No
03_AI_DATASETS/intents/customer_safe_intents_segment.csv,03_AI_DATASETS,325528,ecee6302b7b882ffee88bba58c006652b65b0abe3b9805e888a102d52e4e651c,No
03_AI_DATASETS/intents/dayjoy_intents_CANONICAL.csv,03_AI_DATASETS,463726,9bdd5f1adf2c84be6247d4c499aa88908dc6021dd39bc8e3265e521ae1c7cde1,No
03_AI_DATASETS/intents/dayjoy_intents_STRUCTURED.csv,03_AI_DATASETS,665370,eb283527e0d61692cf54901a8bbecfd41962bd49e8d84f2278d1d9ba71242626,No
03_AI_DATASETS/intents/dayjoy_intents_SUPPLEMENTARY_categories.csv,03_AI_DATASETS,51406,c5cca3d33af6dec5e4260dddc276eb87cba0ec9e5558ca3bb834da461347e510,No
03_AI_DATASETS/intents/internal_distributor_intents_segment.csv,03_AI_DATASETS,113358,c6792f2b65cea45f6a14290219de3fceacd5b071e6daa4f03b1eb2adebfe109c,No
03_AI_DATASETS/intents/pipelineA_governance_tracked_intents_1527rows.csv,03_AI_DATASETS,453430,9a8a434047779669f18d20b71d87d8189a57dc8a83b11f8b819be5fc8d884c93,No
03_AI_DATASETS/intents/pipelineB_comprehensive_intents_4000rows.csv,03_AI_DATASETS,815337,9a921b8c3d6a9ebdf3d5d58e196bcbf14f957761ed19cc53ec99342e63857bf2,No
03_AI_DATASETS/intents/regulated_health_intents_NEEDS_REVIEW.csv,03_AI_DATASETS,14000,308502d1fa1a3f1bde663755d29411ac066bdc975dd6bd181d5a11e35414d5d7,No
03_AI_DATASETS/support/README.md,03_AI_DATASETS,73,9a8fb6b832edc8a4c665280a1a9a30c73400c878b77919cdd82ca2d9ba38fb33,No
03_AI_DATASETS/voice/README.md,03_AI_DATASETS,2026,5ed8624e87ac283bcd078d1d925ad098811f786cf8c86096d5396fc3250f1f90,No
03_AI_DATASETS/voice/voice_training_examples.csv,03_AI_DATASETS,7494,f7e08de18c0030c6ebce8ddd5aec30180c8e2df6eec897b3399db3e5fbc4939d,No
03_PRICING_MASTER_AUDIT.md,03_PRICING_MASTER_AUDIT.md,22848,57a8250f4bab9af08338bcfc35e175b98baddc76de36f117c584c4cbf6f41d6b,No
04_CROSS_DATA_VALIDATION.md,04_CROSS_DATA_VALIDATION.md,8975,bf694f3407c884e1e67a33f3d95d9670d57175f75c26e3cd415ac46bbf0c3e5b,No
04_RAG/chunks/RAG_DEDUP_SUMMARY.md,04_RAG,3268,a53f303dccca409f6f68fa919400a2fd0005395c0e52850f6eac5372021707d1,No
04_RAG/chunks/dayjoy_rag_chunks_CANONICAL.csv,04_RAG,253005,fa67df944fb890a1ea22e80e049c58efedb0d6787033dc7a641e7ab156ce4bd8,No
04_RAG/chunks/pipelineA_governance_chunks_2242rows.csv,04_RAG,638128,f08b53fe4946fc599391f99a02291f5205b349e10a0b2d6995d1c569295e902c,No
04_RAG/chunks/pipelineB_postgresql_ready_corpus.csv,04_RAG,2263239,8f062a17b06e137635f038fe26beaefc1473359c2dfef60dd1f16ed62a51638c,No
04_RAG/chunks/pipelineB_qa_chunks_4000rows.csv,04_RAG,1610431,d61e47b1228af1b1ff9511257781fd987e25840955d10e687d54b721fb107c70,No
04_RAG/chunks/pipelineB_unified_rag_corpus.csv,04_RAG,2256926,b97c1a8b860eb5504db8d14f443417ceb1600144822c11f5f87655d568e1065c,No
04_RAG/embeddings_manifest/README.md,04_RAG,1490,0c2af39cb4ba18d438ec77fe70dd50614b4bb558e0143b6d9dc979e84a933b14,No
04_RAG/metadata/dayjoy_metadata_registry_ENRICHED.csv,04_RAG,411307,a0ca49f455b2814ec2d5ea4e7d11a1af788d8fb7b1c155e498582e2d79a50fcf,No
04_RAG/metadata/dayjoy_metadata_registry_canonical.csv,04_RAG,133725,f3e13d8c798c6b5be3236767142449f5fcaa99375f0e8852d5f950aede17af59,No
04_RAG/metadata/dayjoy_rag_knowledge_schema.csv,04_RAG,1039,4103d5fcfe68af922f59463f0d58bbc6be415977b4a632c578c772985f34b13a,No
04_RAG/retrieval_rules/RETRIEVAL_STRATEGY.md,04_RAG,6817,43316382986f41885f1ab467aa297aa0cc7465197f04dbac059d8299fd594a8e,No
04_RAG/retrieval_rules/dayjoy_ai_search_config.json,04_RAG,602,75abfae48b8f6d4885da3f959543ed65bd6dcb38b01ff7a53d62768d690a80f0,No
04_RAG/retrieval_rules/dayjoy_ai_search_knowledge.csv,04_RAG,31551,c14798b66e4be25cf328251da9f5544dac009211e13935a6a9c24e7bc66c804c,No
04_RAG/retrieval_rules/dayjoy_search_ranking_rules.csv,04_RAG,579,bea7bace038cdf123bd3197bfb46333cc80de1a112ac206badaf082a8687e7b6,No
05_PRODUCTION_READINESS_REPORT.md,05_PRODUCTION_READINESS_REPORT.md,6462,5bd5bfb90e3663250be0ee333af87efb40947ebbb68795f9edba243184eeec13,No
05_SQL/migrations/001_initial_extended_schema.sql,05_SQL,2368,38801327a5d11365930e98efd65cb3a488903b0d3ac6b19af640402b37a6e27d,No
05_SQL/migrations/README.md,05_SQL,59,35bfa86131a5b4238d7e6cf7acd126a535b55b7cd13134099de2b69d4b795c65,No
05_SQL/schema/dayjoy_database_schema.sql,05_SQL,12341,50f1c8021ee95552f15b7583e941e7eb910c3a2c1090eaad23b96c4971628a34,No
05_SQL/schema/dayjoy_full_production_schema.sql,05_SQL,30827,03a29a10a05849ef47328dcaf0acc7a7981e95c863cbe4002e01861469b05df8,No
05_SQL/schema/dayjoy_postgresql_schema_supplement.sql,05_SQL,534,1a78a09f93fae47829e7a69353ed8b8ffbce30d7358f9abf7d8c30609353c547,No
05_SQL/schema/indexes.sql,05_SQL,6376,dd0630cfb82a048b2043023980acb831b3a63e513486a3bc96df2f0076ee7e5f,No
05_SQL/schema/relationships.sql,05_SQL,6548,3f86d6c8c94abd35eecaa21bc98654e22840caa351ec5268213f3923c6ca1057,No
05_SQL/schema/rls_policies.sql,05_SQL,14782,0c569a926d2960fa335fe9c1819ab75342a22c3de31e4d0e4de32bc2ffacbd33,No
05_SQL/seed/dayjoy_knowledge_chunks_seed.csv,05_SQL,38681,8e3557a364e7e6dc8606681fda552908b947637dea5d30448cadd0cb12d68672,No
05_SQL/seed/dayjoy_product_faqs_seed.sql,05_SQL,356259,faa007ed2a9f3ba5f7a20c38051a0a8d2726eb9ed3faaf5a849f9bbe3c0bb6c5,No
05_SQL/seed/dayjoy_product_relationships_seed.sql,05_SQL,36043,b2cb6ce7f5b7ea05399bdfb0328278ace27a687e89a965851d32516d0112bc91,No
05_SQL/seed/dayjoy_seed_data.sql,05_SQL,81925,bc33c561f156e1b04b670b85a2a83797cf9809f7c63cfa39618ccb8bc839b337,No
05_SQL/validation/dayjoy_data_qa_report.csv,05_SQL,417,60633d8222d79cce52260a51cd99bb16c6944248175eb15ae13d89d4228063d8,No
06_IMAGES/README.md,06_IMAGES,202,74ea6dd0387988739d7ea57ce7822b58fa7ea6c3da81e2d1358f4dd5a9775acd,No
06_IMAGES/T002B_REMATCH_SUMMARY.md,06_IMAGES,11490,1a6e4c8ef00efc01fdccbcfc9a7715d93cabc5836e6e68f9c903e020c79bf1d6,No
06_IMAGES/metadata/dayjoy_image_metadata_CANONICAL.csv,06_IMAGES,35761,4200c4f9b51aa1d3c0c50558475ce50b155a17beb54ad2575e98b1201e2638cc,No
06_IMAGES/metadata/dayjoy_image_metadata_FULL_SCHEMA.csv,06_IMAGES,42458,f54dbcf8599b1541ea560c1e2cea4355a427d6ca2cb53cb82531d3a9ea9842c4,No
06_IMAGES/metadata/dayjoy_image_metadata_alt.csv,06_IMAGES,5315,089db031fcc3348778400cdadf80cfe6497419b0fec82f93b62266de930769a4,No
06_IMAGES/metadata/dayjoy_image_metadata_master.csv,06_IMAGES,9896,ed95282663fd3b3c69f94923bc3bc0f94e5e844bdae49d228431e20ff1a81a16,No
06_IMAGES/metadata/dayjoy_image_placement_manifest.csv,06_IMAGES,21255,ba43c79eafeda746fd06bc60baf2eea2f5d9d03964794802461a85cda8404c8f,No
06_IMAGES/metadata/products_without_images.csv,06_IMAGES,3331,a1607af98b3f8954e727a8de8342102e5ee0cde28723b80e81bece88468fcd98,No
06_IMAGES/products/DJ-AGR-0124.webp,06_IMAGES,34360,e918527201e32ccb3f25a6d38cf4617a50357dd7769f2687f3bceaa756956056,No
06_IMAGES/products/DJ-AGR-0125.webp,06_IMAGES,49360,d45350e83a76a228753dd9a879e951708e0a696a16428447c754a54fa019c861,No
06_IMAGES/products/DJ-AGR-0126.webp,06_IMAGES,46602,bf01d2fc3bcd3014fb90a65132f8457db5290174a15d8749922bc588af16b636,No
06_IMAGES/products/DJ-AGR-0129.webp,06_IMAGES,35514,7c780e6200e38e4273e5bc4f70ce9db1ce4e41b378b5f54c5e98816bfa30b34d,No
06_IMAGES/products/DJ-AGR-0131.jpg,06_IMAGES,180939,3e87985e3ed476b6e831242c011195498239f2338f2ec3a7ead2644e1d23531f,No
06_IMAGES/products/DJ-AGR-0133.webp,06_IMAGES,69262,e0100ab2d4324c7f789fe96d9e7363d6b088f1755725a7c055e1b320a4fdf995,No
06_IMAGES/products/DJ-AGR-0134.jpeg,06_IMAGES,177771,60581608e00c23eb3f5b43ac9d493296b5237408b3cabf85dd873cd714cc580b,No
06_IMAGES/products/DJ-AGR-0135.jpg,06_IMAGES,209019,c16c780ff56366e2ea22fa62a4b7439ebe54b6952d13fe2673a7d460b73f2bd4,No
06_IMAGES/products/DJ-AGR-0136.jpeg,06_IMAGES,480001,b2fc96d1ecbc2a90fd0785832c670bfa461b77681df1c81add7ccda61626b126,No
06_IMAGES/products/DJ-AQU-0140.png,06_IMAGES,211998,0ac37a03d88997914754bd133cd6508966ca1b0b8721884f3ced05ce45b92e39,No
06_IMAGES/products/DJ-AQU-0141.jpeg,06_IMAGES,154071,a6076b0e0afb45d346fe05a8233ed2cc7132f5e7f9d3e52ad87d234791fb76c2,No
06_IMAGES/products/DJ-CLO-0120.webp,06_IMAGES,61416,558ead1d7a7c9fcfc80d5b45fed5c0ee6f435af229c6840e83d2c6e1c94e26f2,No
06_IMAGES/products/DJ-CLO-0121.webp,06_IMAGES,493784,df9e75e2689a9608fb2a52f39c8750428cd930e51a89f8c39819947d3f00367f,No
06_IMAGES/products/DJ-CLO-0122.webp,06_IMAGES,76806,a5f14a82f360dccbb9060f9dd44cd2f06bec42aff0de1db9fef5dc2fc4f7de8c,No
06_IMAGES/products/DJ-COL-0064.jpeg,06_IMAGES,311372,ad47069b384c3e97bbcf61bbead8ad0fbcdf5819645c9607618a409d082b5eb9,No
06_IMAGES/products/DJ-COL-0065.jpeg,06_IMAGES,102017,adb0d22d04aa10bd7f9dd958fae9f2a1f45fab4e56516454006054bf49701cfa,No
06_IMAGES/products/DJ-COM-0165.jpeg,06_IMAGES,283365,7f421e1dea091b8f124a73ca9721c3310708a2ffa8e83cfb594d4923ab4a6b68,No
06_IMAGES/products/DJ-COM-0169.jpeg,06_IMAGES,297600,b13d6cf4fb0235c13dc039843a386e59c0ebf04a50663649accd2824edce74b8,No
06_IMAGES/products/DJ-FOO-0001.jpg,06_IMAGES,326740,d3ed39a0188bd4b78a854601505ca3e4b2f208929e06f079c93516117cd1abd4,No
06_IMAGES/products/DJ-FOO-0001_1.jpg,06_IMAGES,287818,aa57611c6b5543ed3c56224f8ea688d7647dd7ce882b2a168b7a4ed2cd375caa,No
06_IMAGES/products/DJ-FOO-0001_3.jpg,06_IMAGES,287818,aa57611c6b5543ed3c56224f8ea688d7647dd7ce882b2a168b7a4ed2cd375caa,No
06_IMAGES/products/DJ-FOO-0002.webp,06_IMAGES,61600,938f6579898fd95f4e502d9e1410b80d4c0b739ca072d682caff815c149fdcd5,No
06_IMAGES/products/DJ-FOO-0003.webp,06_IMAGES,63216,88acd0f1742250e197ef4109af37c24774cec31aba75c3e587cd2939d7b6499b,No
06_IMAGES/products/DJ-FOO-0004.webp,06_IMAGES,87932,22016c45399fdc8b20b593a8b069842f35ec918cab068af36788c355592b9bb1,No
06_IMAGES/products/DJ-FOO-0008.webp,06_IMAGES,74308,16de08c3680b9147c2960c0b061bf1b6815bc7382e0612abdadadd0f58ed75ea,No
06_IMAGES/products/DJ-FOO-0008_1.webp,06_IMAGES,74038,7bc7ec7419afc4796fb08614bced4a4d65dbead892e86911ecd452504e1e15c4,No
06_IMAGES/products/DJ-FOO-0008_3.webp,06_IMAGES,74038,7bc7ec7419afc4796fb08614bced4a4d65dbead892e86911ecd452504e1e15c4,No
06_IMAGES/products/DJ-FOO-0009.webp,06_IMAGES,86404,dbd44d36081d6dd997958671c50e27f7277360416d64089930b6e6c078fa25f2,No
06_IMAGES/products/DJ-FOO-0012.webp,06_IMAGES,56542,bdb48b14514115c8c87634fc96c7d3ec5e3023e4c0e8016831787997cbc614cc,No
06_IMAGES/products/DJ-FOO-0012_1.webp,06_IMAGES,56310,a1f3d184e44ea92df40d4cdb0f3f7c3c312306a8912ebcc32b7cbb459db12219,No
06_IMAGES/products/DJ-FOO-0012_2.webp,06_IMAGES,56654,9907ab6364d1af3dd6e3a0db434530dfcbcb41ef1e23e06e225329a383ffb2fc,No
06_IMAGES/products/DJ-FOO-0012_4.webp,06_IMAGES,56310,a1f3d184e44ea92df40d4cdb0f3f7c3c312306a8912ebcc32b7cbb459db12219,No
06_IMAGES/products/DJ-FOO-0012_5.webp,06_IMAGES,56654,9907ab6364d1af3dd6e3a0db434530dfcbcb41ef1e23e06e225329a383ffb2fc,No
06_IMAGES/products/DJ-FOO-0014.webp,06_IMAGES,43542,360e7298313d49b62af9669825be7476159ffbecb1a63db7c30d2b3d3b8dd634,No
06_IMAGES/products/DJ-FOO-0016.webp,06_IMAGES,46776,3ed0fda0f57f17d67887081e01a7b449f1bab5f85e8551cfd4d76f31b640b8bb,No
06_IMAGES/products/DJ-FOO-0018.webp,06_IMAGES,57600,44e4add8706fd9e1e3d16fb157df982b42e7ec649e9676481f3ad3e3b96b417c,No
06_IMAGES/products/DJ-FOO-0019.webp,06_IMAGES,57620,3ceec701891a7d0c0036402a74b1bf4e27ca765df883d1cfc79521f4ecd6a7da,No
06_IMAGES/products/DJ-FOO-0023.jpeg,06_IMAGES,381472,99cf0a292978cae1c4774fcbe983364fac85d9a9c8c53ec39f14f8320838227f,No
06_IMAGES/products/DJ-FOO-0025.jpeg,06_IMAGES,218229,b98c822d7e2fb02486e16e525687153a417dd75a2340a184178361a99a62c154,No
06_IMAGES/products/DJ-GER-0138.webp,06_IMAGES,87566,5d777ad2e21b0f4bb91e815dff0827753b1474be437a3e3bfbec5402816fb055,No
06_IMAGES/products/DJ-HEA-0066.webp,06_IMAGES,77352,941388221b053492c7607340bf2f5c7b6252e685b1b77fc5c56293a31c7168da,No
06_IMAGES/products/DJ-HEA-0067.webp,06_IMAGES,40272,dfd36da4ed556b271b9daa7e73d1a3643ed4e986edd2476fe4577779b21d4e58,No
06_IMAGES/products/DJ-HEA-0070.webp,06_IMAGES,53592,71f6a0bc1958a4c05deb148febdf4fbe361222fc1c613880380dcb2f3f7ef433,No
06_IMAGES/products/DJ-HEA-0072.webp,06_IMAGES,75584,97f39271ab5f1de2ad64af28796cd6f8545beeef40d31f68c66891986237322c,No
06_IMAGES/products/DJ-HEA-0073.webp,06_IMAGES,56210,d157330781f6cb0d28a2714f5d03e4040cee9c53867c8b1eab9d04a2f5964038,No
06_IMAGES/products/DJ-HEA-0074.webp,06_IMAGES,70728,7226401aa9e860eedd8077ea483bdf99da7fdac8c6581523cd66b170a3759afc,No
06_IMAGES/products/DJ-HEA-0075.webp,06_IMAGES,88718,21b74c448db7335d278ef3440b35bc1df07739303858805e041ecf4346cb392e,No
06_IMAGES/products/DJ-HEA-0076.webp,06_IMAGES,58854,0922c42fdae8780a59ca3fd972edf4a8b689828c59962a3332138ae72a11f008,No
06_IMAGES/products/DJ-HEA-0077.webp,06_IMAGES,50944,f4a5cd81187754129b9e51ec55d2f5e358d0f77cc8d5ad288cc71eeb86aeeb98,No
06_IMAGES/products/DJ-HEA-0078.webp,06_IMAGES,80756,bc736c652730bb5b957e0d2468ee297eae827fa1b4f7196a66f679e2f1087717,No
06_IMAGES/products/DJ-HEA-0079.webp,06_IMAGES,79352,c9d6a98c96dd03b2c6808eb90b6978660a1cee7e840db3ae72286b97ab8fff9b,No
06_IMAGES/products/DJ-HEA-0080.webp,06_IMAGES,64688,e5c5b1f68b346e9a203ff0b59e2ca536581423e922da470bb8ea36f238976406,No
06_IMAGES/products/DJ-HEA-0081.jpeg,06_IMAGES,769219,7f15c3b1e33b48e83d62c5a68322e18b537706b37dc0a94967897dd72c68fe97,No
06_IMAGES/products/DJ-HEA-0083.webp,06_IMAGES,51078,f7ea69d53ac245703acdc89813cbddc31d99578b388f4839aed9603f23941b5d,No
06_IMAGES/products/DJ-HEA-0083_1.webp,06_IMAGES,36580,31ef53a8984dc9974308187a94acaa5be117fabc24be0e56440bc2b8a566df7b,No
06_IMAGES/products/DJ-HEA-0083_3.webp,06_IMAGES,36580,31ef53a8984dc9974308187a94acaa5be117fabc24be0e56440bc2b8a566df7b,No
06_IMAGES/products/DJ-HEA-0085.webp,06_IMAGES,66580,5b18d73707cb05acaac509799872174da85bd046d09bfc24ec78bb0eeacfe0a6,No
06_IMAGES/products/DJ-HEA-0085_1.webp,06_IMAGES,85814,46095bef12d67c10b4f5265d0db75ac737f7d4f2f337babe432d932e58797ad4,No
06_IMAGES/products/DJ-HEA-0085_3.webp,06_IMAGES,85814,46095bef12d67c10b4f5265d0db75ac737f7d4f2f337babe432d932e58797ad4,No
06_IMAGES/products/DJ-HEA-0086.webp,06_IMAGES,93828,e34e4ab487e2bc4cb3dfdb336404a23c0e4ccf2b1a9913232675e43069d21c1a,No
06_IMAGES/products/DJ-HEA-0087.jpeg,06_IMAGES,523783,d0df9e61171a04aed9abbfd417552cf7fcf4f66b9a05be993613b508922d4f8a,No
06_IMAGES/products/DJ-HEA-0088.jpeg,06_IMAGES,680521,79aec6bc4c542ff247916335bcd09a12135786f4e6f85cda22d28d8dbb9821a1,No
06_IMAGES/products/DJ-HEA-0089.webp,06_IMAGES,32072,3292ced505c0193e691800a0a73abbf5b5b2961604fe4b436731f6db99b46dad,No
06_IMAGES/products/DJ-HEA-0090.webp,06_IMAGES,55064,0d3927b72aebed4d32952253428e3fcafb7eed7ad3a1d0e60d74b6b244f5803f,No
06_IMAGES/products/DJ-HEA-0091.webp,06_IMAGES,78876,f34220c84349500d3c7da2be31124a8e371f8df83e6d1d8ee06bcf6294bc587d,No
06_IMAGES/products/DJ-HEA-0092.webp,06_IMAGES,125924,a85e175fcbec8e3fa1aa19aca7f210a8d3872fa12f5b0792a459f331f4423347,No
06_IMAGES/products/DJ-HEA-0094.webp,06_IMAGES,43264,fe9bb7a60f9a7845addfd27205fe73069e12ad7d5b8c1dfe0c4c06b3326b4933,No
06_IMAGES/products/DJ-HEA-0094_1.webp,06_IMAGES,52532,a76a6e715fe8a9674c2b5fb2af2092c7bfe8a6f60955a8b3f67c25a61b17a249,No
06_IMAGES/products/DJ-HEA-0094_3.webp,06_IMAGES,52532,a76a6e715fe8a9674c2b5fb2af2092c7bfe8a6f60955a8b3f67c25a61b17a249,No
06_IMAGES/products/DJ-HEA-0095.webp,06_IMAGES,90364,dda52aca93dc71e9ffaa2161c0b6e5dedbd3d74af9491f9289e8c67c3db40fd2,No
06_IMAGES/products/DJ-HEA-0096.webp,06_IMAGES,102040,bba35d30f4cb7f8fff302af22053df79fcab0ea6f02df8ebd9e169299e8833e8,No
06_IMAGES/products/DJ-HEA-0098.webp,06_IMAGES,62296,d8a71d6d02234f7809875c862fb31c6a487ddb9d62a22d21af32c99c2fc45dcb,No
06_IMAGES/products/DJ-HEA-0100.webp,06_IMAGES,68334,b6b76f9e378634faa335d16f013e5116d27529c225946841ebed7c6d381ee36f,No
06_IMAGES/products/DJ-HEA-0100_1.webp,06_IMAGES,80618,ca6dcb7449cdc69ade8e4b15255e18f92616d20a7c733728d3de8358fb491d75,No
06_IMAGES/products/DJ-HEA-0100_3.webp,06_IMAGES,80618,ca6dcb7449cdc69ade8e4b15255e18f92616d20a7c733728d3de8358fb491d75,No
06_IMAGES/products/DJ-HEA-0101.webp,06_IMAGES,90936,c89ef4186a372b514037baae876dc0b52f143d1f15f7fc5a562b3bc35fa5c7b7,No
06_IMAGES/products/DJ-HEA-0102.webp,06_IMAGES,87056,6585167cacf1ba2d0837296c63b3cfbb1047ac18ea0e75a9be43c13044b1b6d1,No
06_IMAGES/products/DJ-HEA-0103.webp,06_IMAGES,58040,975486aedac56ad6ae261061ca4a28fefd3e3a32a486fdcea2b89351e7af2a64,No
06_IMAGES/products/DJ-HEA-0104.webp,06_IMAGES,93196,8f2a88aa43d0e2b391867acf995a92265045ad7c7d5800df7821c83a823fa75b,No
06_IMAGES/products/DJ-HEA-0105.jpeg,06_IMAGES,358579,d75f67cec852041dffa70d72b2faa744b9d700ed856e7252a2ca60726c016dd2,No
06_IMAGES/products/DJ-HEA-0106.webp,06_IMAGES,85684,e695a93eb44a6933c368156a1d55852341cbab481474786317d0a8b601dae6a6,No
06_IMAGES/products/DJ-HEA-0107.jpg,06_IMAGES,787200,27c3f101a794f16b49de3b997905d4cc2de648e617a29dd16c59cf1aa08d87f1,No
06_IMAGES/products/DJ-HEA-0108.webp,06_IMAGES,118926,16c51fa6531edddaf14fcf462d75b40d7ca478871d83ea58bd5e2441ba1735a6,No
06_IMAGES/products/DJ-HEA-0109.webp,06_IMAGES,204372,85d412b40161d06fd12ce7a868ebb4ffc3eb4648bd1508f1e2199f55ae54b2bd,No
06_IMAGES/products/DJ-HEA-0110.jpeg,06_IMAGES,519011,cf4d808c5c133f6ed802a8822b9a0a498debb73aef2832c2e22f35053110df26,No
06_IMAGES/products/DJ-HEA-0111.webp,06_IMAGES,157344,85c566e50d315f0aa52542017329d94d32a60aa53b4e695217180c177b9c5a4a,No
06_IMAGES/products/DJ-HEA-0112.jpeg,06_IMAGES,919665,f3e47b58b723a9714a83b19b41c26b3f3f2fb1e5a4a1e9a2ec9d1d9ba9ea396b,No
06_IMAGES/products/DJ-HEA-0113.jpeg,06_IMAGES,235556,3c971c358a9a09b3c9ad5d0c5b41f87f39a922324c187779e1e3bfc6729929ec,No
06_IMAGES/products/DJ-HEA-0114.jpeg,06_IMAGES,318338,9a3645e5c7ba7a9dc3d3809edd021a0b89a560811e2d7d013606029293ed42a6,No
06_IMAGES/products/DJ-HEA-0115.jpeg,06_IMAGES,119693,0504b4f0f41e73645f9bdb6109566444b601c81921168bfc3114ea782a7cced7,No
06_IMAGES/products/DJ-HOM-0116.jpg,06_IMAGES,477368,ff25de25a81c7d534bff16145e6fd8bd8e2d34e409b9293a66f25d97deef1775,No
06_IMAGES/products/DJ-HOM-0117.jpg,06_IMAGES,464398,fc66645ff0f586f1746f34b520db867eddf2649f4334c451eefc39710358a034,No
06_IMAGES/products/DJ-HOM-0118.jpeg,06_IMAGES,233395,e11936fd1650d09dc4f078172b32d49bf69ef1aaa0d647f759e77417ceb8b9f4,No
06_IMAGES/products/DJ-HOM-0119.jpg,06_IMAGES,538946,95b57e3c9fccf87176fd9dc7fbbabdaef9a3a30ddc0fc8f4540cc8940ebeea21,No
06_IMAGES/products/DJ-PER-0028.jpg,06_IMAGES,373440,b766589af7d7b2d4f0ff438eb6e8ceb2d91683c6889c9f2445a369932364459f,No
06_IMAGES/products/DJ-PER-0029.webp,06_IMAGES,68186,8916f93903abbff1304685e7d077dafc8bb4615fdc35f717fd947aff5c2221d9,No
06_IMAGES/products/DJ-PER-0030.webp,06_IMAGES,57380,14ff25724a457e7b0ec2b5ebfc1b6d39c4206024b6a78661baf7ad72903c2096,No
06_IMAGES/products/DJ-PER-0031.jpeg,06_IMAGES,685417,91c402d1cf35b310264e1b05026a2a3c7fc8141db3b8a230233b86fef03545e8,No
06_IMAGES/products/DJ-PER-0032.webp,06_IMAGES,67674,72e0a37290488af8d1545315c353e151f95dc4378aa4060588037d2050698d9b,No
06_IMAGES/products/DJ-PER-0033.webp,06_IMAGES,45594,93db3d86fb3ebd1a820a1c4a3050dcde85b5d348c846368388fa997dee040c3d,No
06_IMAGES/products/DJ-PER-0034.webp,06_IMAGES,46330,f973715727586af11a9f950a55939bdfc5e988770ae40b1b8be20536481f9176,No
06_IMAGES/products/DJ-PER-0035.webp,06_IMAGES,33110,efc6ef5a426507f08f1cbbfa92c645bcdbf9aacce3713f9decd358a0f8a16cfc,No
06_IMAGES/products/DJ-PER-0036.webp,06_IMAGES,58020,2dba16def3aa96c3ea3ecd7226518d585e0923a745f0f81de12ad381e3903a06,No
06_IMAGES/products/DJ-PER-0037.webp,06_IMAGES,67160,f6ff3e4c59f307226b5d66cfb411495b3a3c8ce1d28cb4c8af659e52392d20ba,No
06_IMAGES/products/DJ-PER-0038.jpeg,06_IMAGES,506789,5d0725143be6d80fc57517e5f0879c1eb51248a4b81be24adb3b755061e0f0c2,No
06_IMAGES/products/DJ-PER-0040.webp,06_IMAGES,39940,5007fd128d13877430d9579a6a5a3e262082c5cd4aad513f9f1eb39e44129238,No
06_IMAGES/products/DJ-PER-0041.jpeg,06_IMAGES,66777,85cc65bf6c6609bba4a8164112a0a9946266619f7892ebbd6e6504256d5f8abe,No
06_IMAGES/products/DJ-PER-0042.webp,06_IMAGES,64338,00bd8d70c5a7e74e5bfd230bde0240995f1b135e4afe39166d5317556be457fe,No
06_IMAGES/products/DJ-PER-0045.jpeg,06_IMAGES,194832,aa7431ef45efb57b20ac16abf59da2431c6b3b05b7ffb455bea8e649d37d6bf9,No
06_IMAGES/products/DJ-PER-0045.webp,06_IMAGES,58218,04b8af99ec9204634ed821fac060b91e0e53f581bd35487b49a66eb9e2ab711b,No
06_IMAGES/products/DJ-PER-0046.jpeg,06_IMAGES,156092,8bbe637e8ec46aed85d7ba365bc8b36f53a671b2f05f1a98c935214aa04e4cfd,No
06_IMAGES/products/DJ-PER-0046.webp,06_IMAGES,55694,40ad089d04dd9ab533cfbd8aad1e8ef2f8b5aa0bbce052c761a53a3c7cfa9f30,No
06_IMAGES/products/DJ-PER-0047.webp,06_IMAGES,45732,a516f5469c71bf95f0ac7b9a917e786474f6c2b8d992b90d9f3042dc14caf323,No
06_IMAGES/products/DJ-PER-0048.webp,06_IMAGES,49004,bd31f22e1337b2ddc6bfbcba5ee0d11252108533be41b6b5a9c44517a939587a,No
06_IMAGES/products/DJ-PER-0049.webp,06_IMAGES,48274,4b73921f27d7706e3b25883603727bb2f6caa5dba757e6d62249c024e39778aa,No
06_IMAGES/products/DJ-PER-0050.webp,06_IMAGES,49800,dd64e96d0df2fec5004ac44b78d0a1af8f9e25a94d3102a6ebaba0bc8658e3f1,No
06_IMAGES/products/DJ-PER-0051.webp,06_IMAGES,47478,237d37db96df79123c07e0cd82a51b20ff40f74f8758c046c5117d177c5370f9,No
06_IMAGES/products/DJ-PER-0052.webp,06_IMAGES,45256,ecb78f064ace03a062cab0e8c817aef0103d006442a8f933e3d54f5a6c2ef354,No
06_IMAGES/products/DJ-PER-0054.jpeg,06_IMAGES,363367,f3db4ec4368c1dfa148c1cf2c592f4822bcad893d15015dc4af0ff7bb1df7cae,No
06_IMAGES/products/DJ-PER-0055.webp,06_IMAGES,45552,31189613b141d7636651a8a368a608c299861b80bc7f68eae82d3b600f075123,No
06_IMAGES/products/DJ-PER-0056.jpeg,06_IMAGES,681632,b98cd410e45f5fb02e188c4683fdc2d527da6c8dd1fda84588f9767b5516c621,No
06_IMAGES/products/DJ-PER-0057.jpeg,06_IMAGES,666940,6acef382c1fb250edd966d2cfd5ccd39d34e1035afd768dd7c0b7aa07cd08e0e,No
06_IMAGES/products/DJ-SKI-0058.jpeg,06_IMAGES,463552,4dea6a16d8ca0e91277f037ecf45139242a96741191559514dc8533bad5ffe98,No
06_IMAGES/products/DJ-SKI-0060.jpeg,06_IMAGES,478444,d4c403c956fedeec8a37fc920158ffabbe09f75af7f2cdf27e05e677d188b62f,No
06_IMAGES/products/DJ-SKI-0061.jpeg,06_IMAGES,673920,e7b20b91edb76d86b2ea72ca5b1b5abf6cd4e4224fb1f28162ed3b5a0965d85c,No
06_IMAGES/products/DJ-SKI-0062.jpg,06_IMAGES,186011,0929821ea2be0d1c62d64df388a879ccc959135c2412ea62b9cb2bc2341a0597,No
06_IMAGES/products/DJ-SKI-0063.jpeg,06_IMAGES,234461,a875a39be2bd30c57b91c936edccfec8dfb50ce98e26246cda7d89fbbb2bb0e2,No
06_REMAINING_GAPS.csv,06_REMAINING_GAPS.csv,12625,b8a18779654e46d39bc44c9723f796075f6b28e3e9369e3c6ed080deee88eec6,No
07_ANALYTICS/demo/README.md,07_ANALYTICS,367,4a3bdb9f27a954146b9fb74b53bf858f318c61bbd011ce14eaa3878711c988fa,No
07_ANALYTICS/metrics/README.md,07_ANALYTICS,1550,52be2eeea9871d37d790e0a66236a8983cd347bee8a9fb16cff098f41cfe3110,No
07_ANALYTICS/metrics/dayjoy_best_selling_products.csv,07_ANALYTICS,3664,788e06573007aa8daa24ca5c467c7a686e7d754ea64ff6b6be807515515439cf,No
07_ANALYTICS/metrics/dayjoy_business_insights.json,07_ANALYTICS,49458,6584c3c433d40e171d13c628bf590e8dd03bf87237b069767e5607fe02c8ced4,No
07_ANALYTICS/metrics/dayjoy_high_margin_products.csv,07_ANALYTICS,21124,7e6da5982ebc96c869bfb53f5360cb15cee0dbded683e4dd04a9a04b54c26c37,No
07_ANALYTICS/metrics/dayjoy_income_opportunities.csv,07_ANALYTICS,257,4d28a3132f23b92ed37ae92e7c73b04a9c71aeaedfc80d11f510fa379ace0a4b,No
07_ANALYTICS/metrics/dayjoy_popular_categories.csv,07_ANALYTICS,1292,9e41db3787a78626255b3aee86afa1885a2c01e244694fa2a52a092b11af204c,No
07_ANALYTICS/metrics/dayjoy_seasonal_products.csv,07_ANALYTICS,161,278d54b62bec0707b04897954cd102463835a98f5194dd42f92c42794bf504be,No
07_ANALYTICS/schemas/README.md,07_ANALYTICS,331,6ad6b4b748f57d173ab73089ee05c06dd702c3bce0a0af9e6c6c2786ffa2decb,No
07_ANALYTICS/schemas/business_analytics_entity_schemas.md,07_ANALYTICS,5569,475a133132ae53eaea5e9439e3023828414e6ee6058b829ecd43799dc51c511f,No
08_GOVERNANCE/answer_policy/ABSTAIN_AND_LABELING_POLICY.md,08_GOVERNANCE,4669,81fc3ec6726d7ce94724a3943a99db7187080d125c8c66f9c3a5cb1115c60787,No
08_GOVERNANCE/answer_policy/dayjoy_canonical_answer_policy.csv,08_GOVERNANCE,863,a59d07914204ab51b9179685253744b2600c8fe9b96ca9bb06f4ec9089d8d97c,No
08_GOVERNANCE/audit/DUPLICATE_REPORT.md,08_GOVERNANCE,7388,b6a0c46a806062ce1d9150f4e370a6588f9239ee4502b276b693ae18500351d7,No
08_GOVERNANCE/audit/FILE_INVENTORY.md,08_GOVERNANCE,4036,209e77c7341e2b37c8b12abd5c8de9142e88081e89ba591acbd8461f70cb270c,No
08_GOVERNANCE/audit/MISSING_KNOWLEDGE.md,08_GOVERNANCE,5956,ede262ed19da5bd075544d09cdbe57891a88fad5e12e8b2004c854d7ca0b7691,No
08_GOVERNANCE/audit/OUTDATED_FILES.md,08_GOVERNANCE,6349,a180d9334bcff75d812d0fa11a4f095c081b4bb4eaadf28f85dcf8c8d7037cc1,No
08_GOVERNANCE/audit/PROPOSED_STRUCTURE.md,08_GOVERNANCE,8333,ac33e242548941ef846d26a60b8d9f514c14845c41fe265af63333b4951772cb,No
08_GOVERNANCE/audit/README.md,08_GOVERNANCE,1084,0faa7ea92d07e333d7fbf21db701f6544e5f29e70a7d859f3be98b969935a5a2,No
08_GOVERNANCE/audit/file_inventory_full_raw_audit.csv,08_GOVERNANCE,728684,b0dca6e8cc48cf55e7b080f2ce4363849c70865dc230f5a9494765380d405577,No
08_GOVERNANCE/safety/compensation_policy.md,08_GOVERNANCE,2164,f55a68c594ec2bba8b7d47f6e9c2b53b20742743f4fe28fad292803eafc03e51,No
08_GOVERNANCE/safety/dayjoy_product_safety_classes.csv,08_GOVERNANCE,38916,5e803a5ad3b13a2337f3d97ad17f96d9b75805fffd47ff861e2bc93b031e8f5f,No
08_GOVERNANCE/safety/diagnosis_policy.md,08_GOVERNANCE,1697,08a20a4e4649ee49869198a48649b51e92f5d8e2d2f907beb4ea61dbadd62725,No
08_GOVERNANCE/safety/dosage_policy.md,08_GOVERNANCE,1671,441945f4b9100eb68b8e9131b620e4d897116c7adf0b11742b304580146f65cd,No
08_GOVERNANCE/safety/escalation_policy.md,08_GOVERNANCE,2556,627b92276e69672ff6980eacf3112923e7056a27f5e3ebd46b9b983e05475b33,No
08_GOVERNANCE/safety/income_claim_policy.md,08_GOVERNANCE,2053,00f4c3c6c6aff2156c19c65557024cd98656db8193fe76f00ef59f798040538a,No
08_GOVERNANCE/safety/medical_claim_policy.md,08_GOVERNANCE,2193,4578acbbb19bd6355b3eaa6b456253772e8729897cfdaed9a0aae81cdbc5d835,No
08_GOVERNANCE/safety/privacy_policy.md,08_GOVERNANCE,1937,e90ab7fdc4af3b30a914946e7ebf9d2dc0793294f3b09ef2d5427e0c4d340668,No
08_GOVERNANCE/safety/product_claim_policy.md,08_GOVERNANCE,1870,856af2d543efbeeffa8066b53c998f84feccb99e190cba022a80eb7766aea578,No
08_GOVERNANCE/safety/regulated_health_intents_review.csv,08_GOVERNANCE,14000,308502d1fa1a3f1bde663755d29411ac066bdc975dd6bd181d5a11e35414d5d7,No
08_GOVERNANCE/source_registry/PRICING_AUTHORITY_STATEMENT.md,08_GOVERNANCE,5069,87929a4ea81b1a0a13f84e9c8c3770a984f9e6161e12eeca83d0406d2f3e167e,No
08_GOVERNANCE/source_registry/README.md,08_GOVERNANCE,5593,c9ba5f9441bd0586099405c0bd5bf5957e683ba6cb38fe17b8ecafba6d581706,No
08_GOVERNANCE/source_registry/catalog86_merge_audit.csv,08_GOVERNANCE,7876,b0e90853639c3ebf114b0ba23eb7d3d0b52c3013c3360236fbb5eb41bbee34d3,No
08_GOVERNANCE/source_registry/file_inventory.csv,08_GOVERNANCE,728684,b0dca6e8cc48cf55e7b080f2ce4363849c70865dc230f5a9494765380d405577,No
08_GOVERNANCE/source_registry/ocr_extracts/GrowthX_Plan_Presentation_OCR_full_text.txt,08_GOVERNANCE,32531,34b038dd19cea8e1cb818ca9131e86987a1fb6d9d4df9d2f5bee3dcc3ed01aab,No
08_GOVERNANCE/source_registry/source_registry.csv,08_GOVERNANCE,3407,4a2cefbe7a9610c4550257a0edd7bd7b8e9ee3856565eeeed093cba40a5d8866,No
08_GOVERNANCE/verification/CLAIM_VERIFICATION_STANDARD.md,08_GOVERNANCE,4576,0f8cfd385eda7fdc27217fe1c0abb7b77572589f7ed51e7026bd1a25d5a3459b,No
08_GOVERNANCE/verification/dayjoy_data_qa_report.csv,08_GOVERNANCE,417,60633d8222d79cce52260a51cd99bb16c6944248175eb15ae13d89d4228063d8,No
08_GOVERNANCE/verification/dayjoy_gap_register_canonical.csv,08_GOVERNANCE,295516,170527a1443ae8ce801880c268298e5f020f7cd35349b46a5cf6120134b8381f,No
08_GOVERNANCE/verification/dayjoy_source_verification_sop.md,08_GOVERNANCE,10418,d6f1a69d2a43e5d7191a8ca918330609b7d08333fc9692b0c67bc19e0a7893e4,No
08_GOVERNANCE/verification/dayjoy_verification_watchlist.csv,08_GOVERNANCE,874,8e9888be37b282c7571b8b9ec0231ae54322570a1368e386f5de23285d8f00b5,No
09_QA/GOLDEN_SET_USAGE.md,09_QA,4337,d5d5ed617d51b6e12628d31f5b1a08966f33efaa77e5c63c8791cafabe1a549e,No
09_QA/KNOWLEDGE_GAP_REPORT.md,09_QA,4854,e86e5f22b80cb500ae3fe2e41819fa0c3c0449501e1b5cce81eca75b8b5ccdbb,No
09_QA/MISSING_DATA_TASKS.csv,09_QA,6271,b561de9ecea89aacd6406a9387cde8dc933a7997ed61ec55fdd31a39143f130f,No
09_QA/evaluation/evaluation_dataset.csv,09_QA,332880,925296246a3cdc0e1f1a6c6344678a663d2e3e8f7a6eae7e0f710fa40b625206,No
09_QA/expected_answers/README.md,09_QA,65,6283ca251ae0437dc50eaa540e5a7debc96e3b81279c62e7fb98ab9c55dfdb4d,No
09_QA/regression/phase9_qa_test_sheet.csv,09_QA,169949,25aab9d82f14639b2ead44a8c4c4a5bde9efe57d98370bc9add34ab6e5254b70,No
09_QA/retrieval_tests/dayjoy_ai_search_test_set.csv,09_QA,1019,d4eac8ea34d1154f521d27aac6e854ff6a831d104d660e9187b2f5676a4548b0,No
09_QA/test_questions/README.md,09_QA,1828,74a5cccb73701aa7cdf671018088bfb53523b8a4faa3621e0ca30f0c427d2c9d,No
09_QA/test_questions/dayjoy_golden_questions.csv,09_QA,31791,1c9b4f9c81d3d16f75f43237edebdc2ec4540c45fc7f515992429e46f9afe2e2,No
09_QA/test_questions/dayjoy_golden_questions_v2_ADDITIONS.csv,09_QA,13120,ec6a1f86a6b665feb3c0869ab32b50fbdd2a5f0ad9ee24f1f57b5639eb70a1ae,No
10_MEMORY/README.md,10_MEMORY,3384,a540d27b91639fbf1921a3ab424a499a31668a37f5bb0808b99a2fa42b80ac97,No
10_MEMORY/memory_isolation_policy.md,10_MEMORY,5218,5d3fb5bc1af7c8d7a997bf748f7eb1fd0bfdaf5dc860a690da7a1ff3fc9aa6ed,No
10_MEMORY/schema_business_context.md,10_MEMORY,2958,6bb7a64cdffd56d50a0cdc2d913bcb0fe17616ff7d7e7b24921bc7a668e839bd,No
10_MEMORY/schema_conversation_memory.md,10_MEMORY,3315,7dfff662bd23d54b7d68624fc28dcd8d16a08be6bbed6a9168321a10feadc82b,No
10_MEMORY/schema_goals.md,10_MEMORY,2709,5e10c8b729863c5b2656b4c5858ae1b836616b904ae61c675b8f3d8cda7a0d9a,No
10_MEMORY/schema_long_term_memory.md,10_MEMORY,2824,c36118b76ec751277ffb20d76b97ef7de0d66dee8d46ce093c278de14aefb16f,No
10_MEMORY/schema_preferences.md,10_MEMORY,2583,208274cbbc48bf797683fbb23c047a08e86fcba8fce8acd7b1857e58f23e6740,No
10_MEMORY/schema_recent_activity.md,10_MEMORY,2353,4fff3dbac82db926164e6275fbcd271be5ba71ad20896c402ab54cebca9054bb,No
10_MEMORY/schema_user_profile_memory.md,10_MEMORY,3421,a8919c09d7b7675653895b6809f63904c2606f68870b9e384dd592dfbd591486,No
14_WEB/README.md,14_WEB,3277,2293799f5ad86b1df454e6644056cbd904e1d1e2ff217ff7eb3556256f2a9777,No
14_WEB/WEB_SEARCH_POLICY.md,14_WEB,7111,282a7adc88cb8c22d2eb6cfd1e3a973defbbc8c9a1f32555a4ff90b3c3eca54a,No
99_ARCHIVE/archive_manifest.csv,99_ARCHIVE,807735,b776529600dd8a211697eab1c4e84ab1af6a81da091b159614fe5a16743e06a3,Yes
99_ARCHIVE/duplicates/README.md,99_ARCHIVE,1000,9ea2ebcd64b9e09c3dcf11bad07e147a68a8b9289cbf3f46c21ce560f8bbfeab,Yes
99_ARCHIVE/outdated/README.md,99_ARCHIVE,560,5886b49478f5baf1765db926e4a204eae9905969cfd5a909959494881c3f803b,Yes
99_ARCHIVE/superseded/02_Business_Model (2).md,99_ARCHIVE,206,743473e7993e5a522cd9d621935706ac53b779c7a74683397105ec99c7891407,Yes
99_ARCHIVE/superseded/02_KNOWN_FACTS.md,99_ARCHIVE,24947,328eaff37af5981e47cbec2007a546911a3de8756740e6e63319c9f0a174e600,Yes
99_ARCHIVE/superseded/03_Product_Research (2).md,99_ARCHIVE,15323,f2765f3e8385c8bd217ed3d5ee07400170960bdf4b62439742a0a69e362f12b9,Yes
99_ARCHIVE/superseded/03_Product_Research (3).md,99_ARCHIVE,196,c0712bc49ce4e0915c3478d0135d84909d5e8c92778aa6041df65e12dec5256d,Yes
99_ARCHIVE/superseded/03_Product_Research.md,99_ARCHIVE,367,db15fc6127da2590a6f2c8e6eb4ef49b855d73c7a4278377f92edb6db80d06a9,Yes
99_ARCHIVE/superseded/03_UNKNOWN_INFORMATION.md,99_ARCHIVE,26183,c02e77b0ecd2f4b0480db626299e646b235e86df33b55a3cacbe71fec995a60e,Yes
99_ARCHIVE/superseded/04_Distributor_System (2).md,99_ARCHIVE,83,11d76410d3179c3119713ba1b2d9d82450ed41142a74d1cf5ee8a0404a6b5520,Yes
99_ARCHIVE/superseded/05_Policies (2).md,99_ARCHIVE,73,94875cff81c4619f225bbb7c67ad22b2bb0f4419fcf6032c5c06560f448f3d5b,Yes
99_ARCHIVE/superseded/05_Policies.md,99_ARCHIVE,73228,96001eccadaebe475531deb5b20fc884053907183e38e5550028fd3fb96b867d,Yes
99_ARCHIVE/superseded/05_RESEARCH_LOG.md,99_ARCHIVE,14231,c34a0d604ceed450fd413b2e865db4914b7ee145260cf39046779047442e886e,Yes
99_ARCHIVE/superseded/06_FAQs (2).md,99_ARCHIVE,69,7ed441121486a962967e96a7e2ff6eb1e1f4c2048d2c31a1ebe98a5b47994a3c,Yes
99_ARCHIVE/superseded/06_FAQs.md,99_ARCHIVE,61704,e164d072f9194933733ac83ea2b6ddb74b4c78e4fb276389a79996fb2de17e63,Yes
99_ARCHIVE/superseded/07_Customer_Journey (2).md,99_ARCHIVE,14893,9f805383d2f6a6eae7dbcf22181cbe8df1c6b346c8d838fd3a521b2263b8b478,Yes
99_ARCHIVE/superseded/07_Customer_Journey (3).md,99_ARCHIVE,81,fe2359015169f086b2b271fea647923586885fd9e39f336e2913aa574f3a6ffc,Yes
99_ARCHIVE/superseded/08_Business_Processes (2).md,99_ARCHIVE,12426,9b230f4597b797279a8607bb972a324979e3a920ba719b0a018419b5456234f7,Yes
99_ARCHIVE/superseded/08_Business_Processes.md,99_ARCHIVE,479,febfb966967e56a7936abf1864514c9832d57f61ca3772fb34cc6f7878a55be0,Yes
99_ARCHIVE/superseded/09_Competitor_Analysis.md,99_ARCHIVE,33169,abf03d8c492c388a9c8621c90c8e469addff0c9adcb761a5e84f4d86816a4a4a,Yes
99_ARCHIVE/superseded/10_Pain_Points.md,99_ARCHIVE,33049,10522cd2fe3f0348601900d5d6775b5dc8d36089abf08925e35b4e468fc89b5e,Yes
99_ARCHIVE/superseded/11_AI_Opportunities.md,99_ARCHIVE,22136,f62d86fd1b3312b104c62105a3b18c18593944580997b21f024e7a0bda32440d,Yes
99_ARCHIVE/superseded/12_Research_Gap_Analysis.md,99_ARCHIVE,30175,01ecd4fda65e1c39241767d8ec6fc591b32973d376e07d7e642588d8efc13a55,Yes
99_ARCHIVE/superseded/Company_Research (2).md,99_ARCHIVE,320,70be5a747294fda71e4324604ec307ce40645b673c7db1faf91b4246c3230052,Yes
99_ARCHIVE/superseded/DAYJOY_UPDATED_PACKAGE_README.md,99_ARCHIVE,3047,28c812cea6ec1a0f6cb1ccc6599241b0b9dc7b1fb18dc4790208eb555cb2bd39,Yes
99_ARCHIVE/superseded/DAYJOY_UPDATED_PACKAGE_README__dup1.md,99_ARCHIVE,1365,3adf4bad45b593ecaf1f4432c08a93189ddeafc1e96b5c31058f9b5c5564b088,Yes
99_ARCHIVE/superseded/MANIFEST.txt,99_ARCHIVE,537,39b2fdeba02fb01058ec1d12efd7dc9e10491b1a67939989d00749e883b937f5,Yes
99_ARCHIVE/superseded/Project_Context 00_MASTER_CONTEXT (2).md,99_ARCHIVE,14412,9962d199833f9bcd397c7bad9a91a75e4925522376bb84ddf2addf72a028e39b,Yes
99_ARCHIVE/superseded/README.md,99_ARCHIVE,599,c0f74b8865a0f6f33d66e14ff1b9a9939c1c1615b9520a7607c79ed45bd92e45,Yes
99_ARCHIVE/superseded/README.txt,99_ARCHIVE,469,a5df59fd381722cf696ece32477169d997888d48a4bf0b2218e7ab4bd1c8451d,Yes
99_ARCHIVE/superseded/README_JULY2026_UPDATE.md,99_ARCHIVE,2037,dff07214bc0995e416e393ce7ac21685ab8163bdba754e4e71b8028c78f2d8ec,Yes
99_ARCHIVE/superseded/README_Summary.md,99_ARCHIVE,752,3319f64968dedd6d1815cdb8e9958e882e7dd17a9a7b41d7d7aae17c6ab9eb35,Yes
99_ARCHIVE/superseded/RELEASE_MANIFEST.csv,99_ARCHIVE,810,a85ad4999ad4d11f59b12cc186609273b665c29880ef046d975b017bdf57d009,Yes
99_ARCHIVE/superseded/audit-summary.csv,99_ARCHIVE,102,bd980aa0d82fd9606c597fbd71c31f50e71023b354bca9a51de33b6c671b7b60,Yes
99_ARCHIVE/superseded/baseline_manifest.csv,99_ARCHIVE,1563,58b2b249c3b8d016914281204b1cd2b9ea14cd0c31096b2f2c1112286e53b0cf,Yes
99_ARCHIVE/superseded/baseline_summary.json,99_ARCHIVE,433,5780281a30d22ba80e76e574a66dece4d1f5acd503731a28f703217688bab1b8,Yes
99_ARCHIVE/superseded/canonical-product-master (2).csv,99_ARCHIVE,26383,ed8a0f75dd11398877548924b5dd727cac2db59d2809e0a4cec4e47a3a03a482,Yes
99_ARCHIVE/superseded/canonical-product-master-final.csv,99_ARCHIVE,58671,caa010837cb6d7458244286e8abdbb7fc681c317380f30cb18f036b8304feefe,Yes
99_ARCHIVE/superseded/canonical-product-master.csv,99_ARCHIVE,30160,4ee8d0dc0e4926f26407fcb832b2c8f021bc403931de9a5e42b8cf0c49cfa261,Yes
99_ARCHIVE/superseded/catalog86_pricing_crosscheck_conflicts_PRE_FIX_2026-08-09.csv,99_ARCHIVE,694,f037d5313b258af5395d838633d3ea7b1ce025baed88b596f1b3558e6373ccc5,Yes
99_ARCHIVE/superseded/dayjoy-canonical-product-master-final (1).csv,99_ARCHIVE,36077,2d1490adfd0f296a32f990ce1ed5c1aa7d180fc1a12d3a48c1dd3640fec009a4,Yes
99_ARCHIVE/superseded/dayjoy-product-master.csv,99_ARCHIVE,18213,f6794931ebfc4264f51a3ef902c1b3ecb11db639a9663974239da6cfd3097af5,Yes
99_ARCHIVE/superseded/dayjoy-rag-chunks.csv,99_ARCHIVE,619357,1cb484a26f03b07a6003a928decb230f6bc8fdf8f3b3eee72fc98f97ebf91c5e,Yes
99_ARCHIVE/superseded/dayjoy_NEW_products_from_July2026_brochure.csv,99_ARCHIVE,6551,5b64442ee70de7a17eb428408c208669da5a9466e7312b9fe08c6f07f34d4ea0,Yes
99_ARCHIVE/superseded/dayjoy_ai_intent_dataset_1000.csv,99_ARCHIVE,97856,094e1b3aeef5e2c8a5039e1b228a5c014827e185c897eee45010d2c528f7e376,Yes
99_ARCHIVE/superseded/dayjoy_ai_intent_dataset_1000.json,99_ARCHIVE,226795,319f1a78ebf30fa3769b73470fb566961f9778a1eca5d902c6b19379901900c0,Yes
99_ARCHIVE/superseded/dayjoy_ai_intent_dataset_1000.md,99_ARCHIVE,5719,95cc50d0a07a668da13d18b84b6961692aad41a3554d69f14a8cc97690da9e24,Yes
99_ARCHIVE/superseded/dayjoy_ai_intent_dataset_1000.sql,99_ARCHIVE,117900,4bc061deb54bf57335aefaa0bce33c5e1ede35e608040bcc0af809d940d98ea6,Yes
99_ARCHIVE/superseded/dayjoy_ai_memory_dataset.json,99_ARCHIVE,450088,19d63ef755e25192f91032db96fd5bedf477a51fd257ba9d4b9d62ebb803064d,Yes
99_ARCHIVE/superseded/dayjoy_ai_memory_dataset.md,99_ARCHIVE,17606,0a463e8ca21d454ab3d41dd3cf3f659f635ffbb4c3afb8b87cd9d8bdc297f693,Yes
99_ARCHIVE/superseded/dayjoy_ai_memory_dataset.sql,99_ARCHIVE,261072,976073f488fd41c48eeed4879f95634ff0e59b24c6a2e90fdc385f12e5f9b4c7,Yes
99_ARCHIVE/superseded/dayjoy_ai_memory_sharegpt.json,99_ARCHIVE,155055,9f246e846ada7b77e65574599eb1a16ae31d7f17b4c6e9568ac5dd0acba72525,Yes
99_ARCHIVE/superseded/dayjoy_ai_memory_sharegpt.md,99_ARCHIVE,2569,138dafe8687eed1cbfa1a33bfb406756677937ba208e296b4813e96e9f7eabe9,Yes
99_ARCHIVE/superseded/dayjoy_all_extracted_knowledge_master.csv,99_ARCHIVE,11555,67b59dcbabb25dab1c17d0d3cfd786e2de93c92a60b513a19ab1ab7d52b4e0e3,Yes
99_ARCHIVE/superseded/dayjoy_business_insights.md,99_ARCHIVE,6756,2956e809a1eea335367b24761e1558ad29eed1a7d946dae351353b1a9df6c06b,Yes
99_ARCHIVE/superseded/dayjoy_business_matching_matrix.csv,99_ARCHIVE,1236,a82244c2fd51593d399a5d3c3131bac2e628113776cd5497e28c3846d3d3940f,Yes
99_ARCHIVE/superseded/dayjoy_company_knowledge_PRE_FIX2_2026-08-09.csv,99_ARCHIVE,28232,7f644d7ed36294a01e60124568044519e9bbb2cddcffe539d191d605911b739c,Yes
99_ARCHIVE/superseded/dayjoy_company_overview.csv,99_ARCHIVE,1021,5951a7a6cf2133312c9e8e6983d7bbcc616dfae873284c3f2a50e4ca8323f95c,Yes
99_ARCHIVE/superseded/dayjoy_compensation_plan.csv,99_ARCHIVE,972,552500a7ff5ceecedad871e2c9f2b0e15e660c6e0e97d9f664ddbf6c01606a44,Yes
99_ARCHIVE/superseded/dayjoy_extraction_confirmation.txt,99_ARCHIVE,1033,64d1b5501672f5b94c0ca43fc20ee0aa60e84fb09f1cd1da2885b3f8563b9e62,Yes
99_ARCHIVE/superseded/dayjoy_faq.csv,99_ARCHIVE,3759,5948738eaef824e50fd3eb754282aff9fad01554bdc775b5f0f54617fca8932a,Yes
99_ARCHIVE/superseded/dayjoy_faq__dup1.csv,99_ARCHIVE,5996,fc1001bd16f1bb4d9c5e318319e096266bdb825f87b5ad5aad2f253c90cd6521,Yes
99_ARCHIVE/superseded/dayjoy_gpt_implementation_plan.txt,99_ARCHIVE,4440,6bcc0e647c79a4278eef0d4837ea560422e7017819cedf7a4d1a2c8c7b56f4af,Yes
99_ARCHIVE/superseded/dayjoy_gpt_knowledge_base.txt,99_ARCHIVE,17924,82a3a431499d43f4821bd2a6c3229ec7d8c9db34b71235390c8351c25cd158f4,Yes
99_ARCHIVE/superseded/dayjoy_gpt_knowledge_base__dup1.txt,99_ARCHIVE,6916,fe5a3856d475acc853a49f5a32393fbbde9d1d58096bd4f9722a255584bc6246,Yes
99_ARCHIVE/superseded/dayjoy_gpt_knowledge_base_price_update_may_2026.md,99_ARCHIVE,13355,b8052761f6b14ade1caf30e50eec85646bae6502cacae5b0c8eca9da7fe7adfc,Yes
99_ARCHIVE/superseded/dayjoy_image_metadata_CANONICAL_PRE_FIX2_2026-08-09.csv,99_ARCHIVE,35514,f2eb98b1b76d6ecd6a08f1fb403c1b56f99e7c6fa964e96a68a7e783c4adf14e,Yes
99_ARCHIVE/superseded/dayjoy_image_metadata_CANONICAL_PRE_FIX_2026-08-09.csv,99_ARCHIVE,16921,fa5294ccdaf7411bb36acd308d00ea912988f3674e6f2eb856167572692069ab,Yes
99_ARCHIVE/superseded/dayjoy_image_metadata_FULL_SCHEMA_PRE_FIX2_2026-08-09.csv,99_ARCHIVE,42154,ff04e9bcbf2907186aa29ebc7984cbe5cffe8f1280e7257d449a38229da5e295,Yes
99_ARCHIVE/superseded/dayjoy_image_placement_manifest_PRE_FIX2_2026-08-09.csv,99_ARCHIVE,21067,d09fe416e33709ed97a271cbe7246c3128c2ccd2802951324d37c68aa52c5204,Yes
99_ARCHIVE/superseded/dayjoy_knowledge_base.json,99_ARCHIVE,15891,e509fa0ab00be52cfafbf5b6656695efb53b8b17e16bbe0aa806db00f3c64ea8,Yes
99_ARCHIVE/superseded/dayjoy_knowledge_base__dup1.json,99_ARCHIVE,47788,799becc8800f9dffc8227010284494feeac5f45c38691d5fe4769da456182a7a,Yes
99_ARCHIVE/superseded/dayjoy_master_intent_dataset_updated.json,99_ARCHIVE,1554866,e1a0f54cf3252518ec9675388eb35c5d900741b1831082f16ec3b9cf684abde4,Yes
99_ARCHIVE/superseded/dayjoy_master_intent_dataset_updated.md,99_ARCHIVE,12447,06f9375b8a136d05dff6f3176554ecb92d7a4eaa9231bfb21157957eda3f71a9,Yes
99_ARCHIVE/superseded/dayjoy_master_intent_dataset_updated.sql,99_ARCHIVE,968423,4ab0767fed672042c1a4a0ad43fb9156eec1d568cd9243c22b7cb6fd5ee3b05a,Yes
99_ARCHIVE/superseded/dayjoy_postgresql_inserts.sql,99_ARCHIVE,2595665,b13ea3cf92bd50721d66af74020629b8e85bc176b35679ea3ad55cec7d280d9b,Yes
99_ARCHIVE/superseded/dayjoy_postgresql_rag_bundle_README.md,99_ARCHIVE,612,162a58d662312ff699fa0c1ca717651bbad46177fcf2fe835bacf0879eb3c7a2,Yes
99_ARCHIVE/superseded/dayjoy_postgresql_ready_corpus.md,99_ARCHIVE,17169,1f28318c9062efd91dc420e3ce361b2dd3d05e808ecac4a9f54571b66d595363,Yes
99_ARCHIVE/superseded/dayjoy_price_list_extracted_from_pdf_PRE_FIX_2026-08-09.csv,99_ARCHIVE,11697,8511e376531082e90a63c9977ebc7ecb6ec9ba7262004a3be6fbd66fdc8a2980,Yes
99_ARCHIVE/superseded/dayjoy_price_list_may2026_PRE_FIX_2026-08-09.csv,99_ARCHIVE,34714,c5b45b8770558c6da7fff223edfb4469e74292aa9f4b77df74a48340dd30ed10,Yes
99_ARCHIVE/superseded/dayjoy_price_list_may2026_PRE_FIX_2026-08-09.json,99_ARCHIVE,117475,8ce8c907e275937f5ff99af2026582729f42e4a80c34c2256f2475d1f34735f1,Yes
99_ARCHIVE/superseded/dayjoy_price_list_may2026_supabase_PRE_FIX_2026-08-09.sql,99_ARCHIVE,118417,28e10346b0f01ce287089244ad6c7d37f95b48ed1522575129055c9ee64cae71,Yes
99_ARCHIVE/superseded/dayjoy_product_faqs_master.csv,99_ARCHIVE,427862,f1db7c66c06b391cca5964810801115655f8694c2f7c1238a9db15a230be7615,Yes
99_ARCHIVE/superseded/dayjoy_product_faqs_seed.sql,99_ARCHIVE,356281,fca400bd458935b53b2919a5ca08de457f168ed24a02f1a79c26eb2301419b82,Yes
99_ARCHIVE/superseded/dayjoy_product_master_canonical_PRE_FIX2_2026-08-09.csv,99_ARCHIVE,127688,db84294d1498cf80432ccb16a3dd63994ff3d837706e60a314611ea822988d9c,Yes
99_ARCHIVE/superseded/dayjoy_product_master_canonical_PRE_FIX_2026-08-09.csv,99_ARCHIVE,109857,c5706c6081aaa07c3759b4fc220b78d78db5aba4d60b67e678b3f058c22afe6b,Yes
99_ARCHIVE/superseded/dayjoy_product_relationships.csv,99_ARCHIVE,30976,48108628166f222a58035ffc994d8286f3f67c4761fdcb6a93592f78fbc53fe8,Yes
99_ARCHIVE/superseded/dayjoy_production_audit_report.md,99_ARCHIVE,1525,f2486f97948caa5ec66efc84f6fb603684ab5b7cad6427c2ba60306aba280830,Yes
99_ARCHIVE/superseded/dayjoy_production_checklist.txt,99_ARCHIVE,412,b0a3c7d3000d344143565d833405bff33f60f2e2c30ce85da59f6190a8ddd9fb,Yes
99_ARCHIVE/superseded/dayjoy_products.csv,99_ARCHIVE,16731,5e2704e80726c0aac0b9f64f38de69499eb7c8297829cd81123396fdb6e4949e,Yes
99_ARCHIVE/superseded/dayjoy_products__dup1.csv,99_ARCHIVE,1376,eb9c1ec2c384c6c885191a98a858eb892e1f521d59668b29f7156ab6a6c0b1e5,Yes
99_ARCHIVE/superseded/dayjoy_products_catalog_86items_UNMATCHED_PRE_FIX2_2026-08-09.csv,99_ARCHIVE,526,acc723a0dfe46d093545b82e8b103f5ed436b8712f609e69879004a57338fe0f,Yes
99_ARCHIVE/superseded/dayjoy_products_master.csv,99_ARCHIVE,38100,68d47f9e4db5e02570da8fe674c3ea4c14f95537832b515d0556f48d3e63de74,Yes
99_ARCHIVE/superseded/dayjoy_products_price_list_may_2026.csv,99_ARCHIVE,42886,eae7985b9469809d5298f8a886713ecb8497780cca9303fd9025243927c23a5a,Yes
99_ARCHIVE/superseded/dayjoy_project_status.md,99_ARCHIVE,902,f098f4e2403a5e4cf590fd56da445e5460ec2ae0fd87134037cf3fc49958c8f8,Yes
99_ARCHIVE/superseded/dayjoy_rag_chunks_CANONICAL_PRE_DEDUP_2026-08-09.csv,99_ARCHIVE,638128,f08b53fe4946fc599391f99a02291f5205b349e10a0b2d6995d1c569295e902c,Yes
99_ARCHIVE/superseded/dayjoy_rag_chunks_dataset.md,99_ARCHIVE,14655,59cfb18514e002ba3e2feeb3dcf54751b23cfe557870f0f4dd10b28d4715b55a,Yes
99_ARCHIVE/superseded/dayjoy_rag_chunks_dataset.sql,99_ARCHIVE,1879523,77642836dd840a7f8c2b475460081e6cc839c24999514c840de436578f514642,Yes
99_ARCHIVE/superseded/dayjoy_rag_chunks_price_may_2026.json,99_ARCHIVE,126123,973d4a7c2246ffa5f3a2da6705c08296d8602beac5fb4242f583427fdf8d5f97,Yes
99_ARCHIVE/superseded/dayjoy_recommendation_summary.csv,99_ARCHIVE,126,e876673459cda1b51edcfd82e10f74fbdc307dbd36c3183cdb6d90f33f26f140,Yes
99_ARCHIVE/superseded/dayjoy_remaining_blockers.csv,99_ARCHIVE,667,d41cb1f34e6ff7cf4ff05cbf026a8579687cec0492aeb7fc748c147b8bcb6398,Yes
99_ARCHIVE/superseded/dayjoy_seed_data.sql,99_ARCHIVE,78432,039ce30c8ad9b05665fc07f299dee9a11b09c4ebcb18aaf49494a1ba8a75d358,Yes
99_ARCHIVE/superseded/dayjoy_sub_brands.csv,99_ARCHIVE,1588,cc7b875424b1588c884d7c29015f9c3b37cdcf71aca37ea6803e1aa3db2ab7da,Yes
99_ARCHIVE/superseded/dayjoy_unified_rag_corpus.md,99_ARCHIVE,16871,5dd976c2150d7d360a6b1241c7cffb1bdef54be842452aa1c8db8ae9eaa7a80b,Yes
99_ARCHIVE/superseded/dayjoy_unified_rag_corpus.sql,99_ARCHIVE,2595655,bcbfde67fca1bcec8f46f8806ad3f0d11eb4c36c1ec7b0d5b331fdc70a4f0823,Yes
99_ARCHIVE/superseded/deliverables.csv,99_ARCHIVE,121,0b72721da18dfa06b8a5d103f2de49c8cf9604c54465b3ebb4305e02ca93662c,Yes
99_ARCHIVE/superseded/file_manifest.csv,99_ARCHIVE,1619,266338205dd3b0a18b8c976870494397ec3b6489d3f2330dbc08b8d407c0a183,Yes
99_ARCHIVE/superseded/gap-register-stats.csv,99_ARCHIVE,105,6b00943911afe0b359ea459fef4aa71f898698cc63ac8bb03aabd18b665698e9,Yes
99_ARCHIVE/superseded/gap-summary-by-priority.csv,99_ARCHIVE,140,eb97f63d2c60d00a84c66619c9c688ec28d652e3a4fa0bf5e03bcd40b8842d12,Yes
99_ARCHIVE/superseded/intent-clean-summary.csv,99_ARCHIVE,190,776ad5b2ed4dfadee52dbce17651d9fd8fffc75dcc15ba27d068f58aef8e1901,Yes
99_ARCHIVE/superseded/knowledge-gap-register-report.txt,99_ARCHIVE,300,34a476e17bc1cbb838f00b536e8eec75827929ebdc616f9a64ca8edf04894924,Yes
99_ARCHIVE/superseded/knowledge-gap-register-summary.json,99_ARCHIVE,72,848d765f3ccf33defa3d46990aad317e5d4c99d165b062b08876b7030320e921,Yes
99_ARCHIVE/superseded/knowledge-gap-register.csv,99_ARCHIVE,210225,c6f0d8deeeec3193fff3cc5ca286eb5769a85188c8851ba6182f7711d8beb26a,Yes
99_ARCHIVE/superseded/metadata-registry.csv,99_ARCHIVE,317875,e801f15267f1723570bd9c49530970450bb23cd5ed719dd9c177f7f0658d2418,Yes
99_ARCHIVE/superseded/paste.txt,99_ARCHIVE,43211,f8a9a151ae8cc811d10c335905cd529f215814dd3d1879b681a0ef5af4e95988,Yes
99_ARCHIVE/superseded/phase-audit-report.csv,99_ARCHIVE,390,1ce837a8cf228bf5a9845871f9c110c2f974aa212d1b22759997a1d6d57c416b,Yes
99_ARCHIVE/superseded/phase3-note.txt,99_ARCHIVE,172,5f962698cf2360c9f4b62a785ea942910c4295644c85cdd74864afcc40c5a300,Yes
99_ARCHIVE/superseded/phase4-gap-register-final.csv,99_ARCHIVE,15900,ac476b7646be53e943435a690c36909eb70dbbe6e6d6b81116f1be2eff04f0d1,Yes
99_ARCHIVE/superseded/phase4-gap-register.csv,99_ARCHIVE,2806,31b866e909629f0e71479b23f6e8dbfadb7959e3877f3258a6843c873f309340,Yes
99_ARCHIVE/superseded/products_without_images_PRE_FIX2_2026-08-09.csv,99_ARCHIVE,3325,6889a5ea48804f571c7a1cc8243dbc10ed51a2d5d92955ccfcda6025fe1a8d01,Yes
99_ARCHIVE/superseded/qa-summary.csv,99_ARCHIVE,183,a9d5b5cd463bc6156825ba19f3ea3fe557c0636cbc645872303ed74e80dd470d,Yes
99_ARCHIVE/superseded/recommendation_chart_clean.csv,99_ARCHIVE,45112,c948b032af51ae29d2eed15c9d70c04349577f249e250c08b727967004ceee36,Yes
99_ARCHIVE/superseded/release-manifest.csv,99_ARCHIVE,859,3eff0d42539868f3ee60e5469984f9d6a48fb565e827ab42b4d119861b694d2a,Yes
99_ARCHIVE/superseded/structured_product_master.csv,99_ARCHIVE,53023,b4a4ce5f8a09f85e6ccb305271e106fccfad9580ffbbbcf7ee03815947fca9df,Yes
99_ARCHIVE/superseded/support_escalation_rules_PRE_FIX2_2026-08-09.csv,99_ARCHIVE,3208,a669f8ee779f6a6285032463905c0879db99e6dd7cd5a50c23f14fb23108e502,Yes
99_ARCHIVE/superseded/support_intents_PRE_FIX2_2026-08-09.csv,99_ARCHIVE,6969,7fb4e0a8b823e3792058ffdb92b97d359e97f1c9c2aa4952bae3846b86a0d692,Yes
99_ARCHIVE/superseded/support_policies_PRE_FIX2_2026-08-09.csv,99_ARCHIVE,6046,db983be148ff3b90358a807fc328aa91a6fb9cfb442c17341c589933139699c1,Yes
99_ARCHIVE/superseded/support_prohibited_promises_PRE_FIX2_2026-08-09.csv,99_ARCHIVE,2254,c0d44cf125d37380742162cfc6ac7a01657c6f12bbfc3cfee4af2ce615a196ad,Yes
99_ARCHIVE/superseded/support_sla_PRE_FIX2_2026-08-09.csv,99_ARCHIVE,1524,0c76799e7413516ab04147d972d18d3a2d4a1707ecc691d14f0a84f4a8f24b1c,Yes
99_ARCHIVE/superseded/unresolved_gaps.csv,99_ARCHIVE,275881,8f5e12fa4fb3d98119be466099d309ecca38c4b9d6ba213e948c5133a0de2695,Yes
99_ARCHIVE/superseded/voice_README_pre_2026-08-09.md,99_ARCHIVE,61,b78c3f248c6ccbc3240843a7604a992525ec3940903ff602a9e73967eab3f906,Yes
CHANGELOG.md,CHANGELOG.md,20136,a7838efff01574808c16e1cbe9dd5e806dfd36d770553122060000bbcf1d7df3,No
CROSS_DATA_VALIDATION_REPORT.md,CROSS_DATA_VALIDATION_REPORT.md,5220,d6cebf32ca19f10eee71b5f3c8f37261b4be2cf4b05209d1a12429c607aeee7b,No
DATA_QUALITY_REPORT.md,DATA_QUALITY_REPORT.md,3923,99b535c5a873cafdf0202f1314b71e77e38813d2e799e68539ba9f564da6c970,No
DATA_QUALITY_SCORING.md,DATA_QUALITY_SCORING.md,7370,abb0aaf9b321cc33f5e02015eff0827bb1dc5ff8e7552c2e851a9598835c1e4c,No
KNOWLEDGE_MAP.md,KNOWLEDGE_MAP.md,6567,2c6fa11d6a74a82faff5d50b5af6e9499be45914bf78b07c477f26b1626a9d87,No
LICENSE-AND-USAGE.md,LICENSE-AND-USAGE.md,2452,783e63dc4edb4eef5077c96b2ad64f1ffb19f93d94e559342b737ad858c04b52,No
PRODUCTION_KNOWLEDGE_CHECKLIST.md,PRODUCTION_KNOWLEDGE_CHECKLIST.md,2033,dcc6648e9dc9fd2130616e33e9845d99aeeb06e8e56260bf509d7537cf109932,No
PRODUCTION_READINESS.md,PRODUCTION_READINESS.md,10137,479b7ebc4dc67292fb8ee0d354bb543c731b7bdfe85e704b196c190a79de6115,No
PRODUCTION_READINESS_REPORT.md,PRODUCTION_READINESS_REPORT.md,6547,939653091c6a024bf7be719de4b7366248ee15f9cbc8c885e97af1f2b2737e2f,No
README.md,README.md,8075,a69e236a280a802cc26334bb002a5ee815a8b411aba806c7fe27a80b1cfd9943,No
RELEASE_NOTES.md,RELEASE_NOTES.md,2759,1af9855e13b7edab8b6a2cb17f303c94be975765255015fd68b2c7cd83c2bf3b,No
VERSION,VERSION,2316,5c4a25a76f9addfeddc99476cc614d953b332e3fbe6b4d8eb411c6d78130fdd9,No
