Category,Product Name
Health Care,Asthprash (300g)
Health Care,Berry Juice
Health Care,Seabuckthorn Juice
Health Care,Tulsi Drop
Health Care,Hemoglobin 200ml
Health Care,Hemoglobin 500ml
Health Care,Liver Care 200ml
Health Care,Liver Care 500ml
Health Care,Hi Energy 60 Tab
Health Care,Dibeat 60 Tab
Health Care,Detox Tea
Health Care,Immunity Tea
Health Care,Masala Tea
Health Care,Green Tea
Health Care,Gas Free 200ml
Health Care,Gas Free 500ml
Health Care,Adila Forte 30 Tab
Health Care,Adila Forte 60 Tab
Health Care,Adicardial Syrup
Health Care,Adicardial 120 Tab
Health Care,Ortho Fix
Personal Care,Sanitary Pad
Personal Care,Shampoo
Personal Care,Face Wash
Personal Care,Shower Gel
Personal Care,Body Lotion
Personal Care,Bath Soap
Personal Care,Hair Oil
Personal Care,Toothpaste
Personal Care,Tooth Brush
Personal Care,Hand Sanitizer
Personal Care,Face Cream
Personal Care,Facial Kit
Food Products,Haldi Powder
Food Products,Dhaniya Powder
Food Products,Mirchi Powder
Food Products,Garam Masala
Food Products,Chicken Masala
Food Products,Sabji Masala
Food Products,Chat Masala
Food Products,Pickles
Food Products,Rice Bran Oil
Food Products,Jaljeera
Home Care,Dish Wash
Home Care,Toilet Cleaner
Home Care,Detergent Bar
Home Care,Dishwash Bar
Textiles,Suit Length
Textiles,Designer Mask (5 pack)
Agriculture,Happy Grow
