Product_Name,Mentioned_For,Category,Source_Page,Recommendation_ID
ADICARDIAL SYRUP,Depression & Anxiety,FEMALE HEALTH (HORMONAL IMBALANCE),70,REC-0070
ADICARDIAL SYRUP,Hormonal Imbalance,FEMALE HEALTH (HORMONAL IMBALANCE),70,REC-0071
ADICARDIAL SYRUP,"Menstrual Problems (Painful periods, irregular periods, Dysfunctional uterine bleeding)",FEMALE HEALTH (HORMONAL IMBALANCE),70,REC-0069
ADICARDIAL SYRUP,Stress,FEMALE HEALTH (HORMONAL IMBALANCE),70,REC-0068
ADICARDIAL SYRUP,Chest Pain,FEMALE HEALTH (WEAKNESS),71,REC-0078
ADICARDIAL SYRUP,Cold Hands and Feet,FEMALE HEALTH (WEAKNESS),71,REC-0079
ADICARDIAL SYRUP,Dizziness or Light Headedness,FEMALE HEALTH (WEAKNESS),71,REC-0076
ADICARDIAL SYRUP,Fatigue,FEMALE HEALTH (WEAKNESS),71,REC-0072
ADICARDIAL SYRUP,Irregular Heartbeats,FEMALE HEALTH (WEAKNESS),71,REC-0074
ADICARDIAL SYRUP,Pale or Yellowish Skin,FEMALE HEALTH (WEAKNESS),71,REC-0073
ADICARDIAL SYRUP,Shortness of Breath,FEMALE HEALTH (WEAKNESS),71,REC-0075
ADICARDIAL SYRUP,Weakness,FEMALE HEALTH (WEAKNESS),71,REC-0077
ADICARDIAL SYRUP,Anxiety,THYROID PREFERABLY (HYPOTHYROIDISM),78,REC-0117
ADICARDIAL SYRUP,Difficulty concentrating,THYROID PREFERABLY (HYPOTHYROIDISM),78,REC-0118
ADICARDIAL SYRUP,Disturbed bowel movements,THYROID PREFERABLY (HYPOTHYROIDISM),78,REC-0120
ADICARDIAL SYRUP,Fatigue,THYROID PREFERABLY (HYPOTHYROIDISM),78,REC-0119
ADICARDIAL SYRUP,Hair loss,THYROID PREFERABLY (HYPOTHYROIDISM),78,REC-0122
ADICARDIAL SYRUP,Hand tremor,THYROID PREFERABLY (HYPOTHYROIDISM),78,REC-0123
ADICARDIAL SYRUP,Heat intolerance,THYROID PREFERABLY (HYPOTHYROIDISM),78,REC-0124
ADICARDIAL SYRUP,Weight Gain,THYROID PREFERABLY (HYPOTHYROIDISM),78,REC-0121
ADICARDIAL TABLET,Depression & Anxiety,FEMALE HEALTH (HORMONAL IMBALANCE),70,REC-0070
ADICARDIAL TABLET,Hormonal Imbalance,FEMALE HEALTH (HORMONAL IMBALANCE),70,REC-0071
ADICARDIAL TABLET,"Menstrual Problems (Painful periods, irregular periods, Dysfunctional uterine bleeding)",FEMALE HEALTH (HORMONAL IMBALANCE),70,REC-0069
ADICARDIAL TABLET,Stress,FEMALE HEALTH (HORMONAL IMBALANCE),70,REC-0068
ADICARDIAL TABLET,Anxiety,THYROID PREFERABLY (HYPOTHYROIDISM),78,REC-0117
ADICARDIAL TABLET,Difficulty concentrating,THYROID PREFERABLY (HYPOTHYROIDISM),78,REC-0118
ADICARDIAL TABLET,Disturbed bowel movements,THYROID PREFERABLY (HYPOTHYROIDISM),78,REC-0120
ADICARDIAL TABLET,Fatigue,THYROID PREFERABLY (HYPOTHYROIDISM),78,REC-0119
ADICARDIAL TABLET,Hair loss,THYROID PREFERABLY (HYPOTHYROIDISM),78,REC-0122
ADICARDIAL TABLET,Hand tremor,THYROID PREFERABLY (HYPOTHYROIDISM),78,REC-0123
ADICARDIAL TABLET,Heat intolerance,THYROID PREFERABLY (HYPOTHYROIDISM),78,REC-0124
ADICARDIAL TABLET,Weight Gain,THYROID PREFERABLY (HYPOTHYROIDISM),78,REC-0121
ADILAFORTE TABLET,Erectile Dysfunction,MALE HEALTH ISSUES,69,REC-0065
ADILAFORTE TABLET,Hypoactive Sexual Desire Disorder,MALE HEALTH ISSUES,69,REC-0064
ADILAFORTE TABLET,Lack of libido,MALE HEALTH ISSUES,69,REC-0067
ADILAFORTE TABLET,Premature Ejaculation,MALE HEALTH ISSUES,69,REC-0066
ADILIPO TABLET,Difficulty in Planning and Carrying out tasks,COGNITIVE DEFICITS/BRAIN HEALTH (ADULTS),74,REC-0097
ADILIPO TABLET,Disturbed Concentration,COGNITIVE DEFICITS/BRAIN HEALTH (ADULTS),74,REC-0093
ADILIPO TABLET,Memory loss,COGNITIVE DEFICITS/BRAIN HEALTH (ADULTS),74,REC-0095
ADILIPO TABLET,Sleeplessness,COGNITIVE DEFICITS/BRAIN HEALTH (ADULTS),74,REC-0094
ADILIPO TABLET,Trouble in Exercising Judgment,COGNITIVE DEFICITS/BRAIN HEALTH (ADULTS),74,REC-0096
ADILIPO TABLET,Abnormal Heart Rhythms,HEART DISEASES,62,REC-0013
ADILIPO TABLET,Chest Pain,HEART DISEASES,62,REC-0015
ADILIPO TABLET,Dizziness or Fainting,HEART DISEASES,62,REC-0019
ADILIPO TABLET,Fatigue,HEART DISEASES,62,REC-0018
ADILIPO TABLET,High Blood Pressure,HEART DISEASES,62,REC-0014
ADILIPO TABLET,Palpitations,HEART DISEASES,62,REC-0020
ADILIPO TABLET,Shortness of Breath,HEART DISEASES,62,REC-0016
ADILIPO TABLET,Swollen Ankles,HEART DISEASES,62,REC-0017
ADILIPO TABLET,Abnormal or weak reflexes,SCIATICA,76,REC-0106
ADILIPO TABLET,Difficulty bending the foot,SCIATICA,76,REC-0104
ADILIPO TABLET,Difficulty walking on your toes,SCIATICA,76,REC-0105
ADILIPO TABLET,Loss of sensation or numbness,SCIATICA,76,REC-0107
ADILIPO TABLET,Pain when lifting the leg,SCIATICA,76,REC-0108
ADILIPO TABLET,Weakness when bending the knee,SCIATICA,76,REC-0103
ADILIPO TABLET,An achy or heavy feeling in the legs,"VARICOSE VEINS (TWISTED, ENLARGED VEINS)",75,REC-0098
ADILIPO TABLET,"Burning, throbbing, muscle cramping and swelling in the lower legs","VARICOSE VEINS (TWISTED, ENLARGED VEINS)",75,REC-0099
ADILIPO TABLET,Change Skin Color around a varicose vein,"VARICOSE VEINS (TWISTED, ENLARGED VEINS)",75,REC-0102
ADILIPO TABLET,Itching around one or more of the veins,"VARICOSE VEINS (TWISTED, ENLARGED VEINS)",75,REC-0101
ADILIPO TABLET,Worsened pain after sitting or standing for a long time,"VARICOSE VEINS (TWISTED, ENLARGED VEINS)",75,REC-0100
ADILIV TABLETS,Abdominal Pain,DIGESTION PROBLEMS (INDIGESTION & ACIDITY),65,REC-0042
ADILIV TABLETS,Bloating,DIGESTION PROBLEMS (INDIGESTION & ACIDITY),65,REC-0037
ADILIV TABLETS,Constipation,DIGESTION PROBLEMS (INDIGESTION & ACIDITY),65,REC-0043
ADILIV TABLETS,Excessive Production of Gastric Acid,DIGESTION PROBLEMS (INDIGESTION & ACIDITY),65,REC-0036
ADILIV TABLETS,Gas,DIGESTION PROBLEMS (INDIGESTION & ACIDITY),65,REC-0038
ADILIV TABLETS,Heartburn,DIGESTION PROBLEMS (INDIGESTION & ACIDITY),65,REC-0041
ADILIV TABLETS,Loss of Appetite,DIGESTION PROBLEMS (INDIGESTION & ACIDITY),65,REC-0040
ADILIV TABLETS,Vomiting,DIGESTION PROBLEMS (INDIGESTION & ACIDITY),65,REC-0039
ADILIV TABLETS,Continuous Fatigue,LIVER DISEASES,64,REC-0032
ADILIV TABLETS,Dark Urine,LIVER DISEASES,64,REC-0027
ADILIV TABLETS,Decreased Appetite,LIVER DISEASES,64,REC-0031
ADILIV TABLETS,Easy Bruising,LIVER DISEASES,64,REC-0034
ADILIV TABLETS,Indigestion,LIVER DISEASES,64,REC-0035
ADILIV TABLETS,Itchy Skin,LIVER DISEASES,64,REC-0033
ADILIV TABLETS,Nausea/Vomiting,LIVER DISEASES,64,REC-0030
ADILIV TABLETS,"Pale, Bloody, or Black Stool",LIVER DISEASES,64,REC-0028
ADILIV TABLETS,"Swollen Ankles, Legs or Abdomen",LIVER DISEASES,64,REC-0029
ADILIV TABLETS,Yellow Skin and Eyes,LIVER DISEASES,64,REC-0026
ADILIV TABLETS,Bright Red Blood in Stools an Itchy Anus,PILES/FISSURE,66,REC-0044
ADILIV TABLETS,Feeling Like You Still Need To Poo After going to the Toilet,PILES/FISSURE,66,REC-0045
ADILIV TABLETS,Pain Around Your Anus,PILES/FISSURE,66,REC-0047
ADILIV TABLETS,Slimy mucus in your underwear or on Toilet Paper After Wiping your bottom,PILES/FISSURE,66,REC-0046
ALOE VERA GEL,"Acne, Psoriasis",SKIN PROBLEMS,73,REC-0092
ALOE VERA GEL,Aging,SKIN PROBLEMS,73,REC-0090
ALOE VERA GEL,Dry Skin,SKIN PROBLEMS,73,REC-0088
ALOE VERA GEL,Photo Damage (UV Rays),SKIN PROBLEMS,73,REC-0087
ALOE VERA GEL,Skin Disorders,SKIN PROBLEMS,73,REC-0091
ALOE VERA GEL,Slow Wound Healing,SKIN PROBLEMS,73,REC-0089
ALOE VERA GUAVA JUICE,Blurred Vision,DIABETES,61,REC-0010
ALOE VERA GUAVA JUICE,Extreme Hunger,DIABETES,61,REC-0008
ALOE VERA GUAVA JUICE,Fatigue,DIABETES,61,REC-0009
ALOE VERA GUAVA JUICE,Frequent Urination,DIABETES,61,REC-0006
ALOE VERA GUAVA JUICE,Increased Thirst,DIABETES,61,REC-0005
ALOE VERA GUAVA JUICE,Slow Healing Sores,DIABETES,61,REC-0011
ALOE VERA GUAVA JUICE,Tingling Sensations and Numbness,DIABETES,61,REC-0012
ALOE VERA GUAVA JUICE,Unexplained Weight loss,DIABETES,61,REC-0007
ALOE VERA GUAVA JUICE,Abdominal Pain,DIGESTION PROBLEMS (INDIGESTION & ACIDITY),65,REC-0042
ALOE VERA GUAVA JUICE,Bloating,DIGESTION PROBLEMS (INDIGESTION & ACIDITY),65,REC-0037
ALOE VERA GUAVA JUICE,Constipation,DIGESTION PROBLEMS (INDIGESTION & ACIDITY),65,REC-0043
ALOE VERA GUAVA JUICE,Excessive Production of Gastric Acid,DIGESTION PROBLEMS (INDIGESTION & ACIDITY),65,REC-0036
ALOE VERA GUAVA JUICE,Gas,DIGESTION PROBLEMS (INDIGESTION & ACIDITY),65,REC-0038
ALOE VERA GUAVA JUICE,Heartburn,DIGESTION PROBLEMS (INDIGESTION & ACIDITY),65,REC-0041
ALOE VERA GUAVA JUICE,Loss of Appetite,DIGESTION PROBLEMS (INDIGESTION & ACIDITY),65,REC-0040
ALOE VERA GUAVA JUICE,Vomiting,DIGESTION PROBLEMS (INDIGESTION & ACIDITY),65,REC-0039
ALOE VERA GUAVA JUICE,Decreased Immunity,GENERAL HEALTH & WELL-BEING,60,REC-0004
ALOE VERA GUAVA JUICE,Burning Urination,"KIDNEY DISORDERS LIKE STONE, URIC ACID & UTI",77,REC-0116
ALOE VERA GUAVA JUICE,Excessive drowsiness,"KIDNEY DISORDERS LIKE STONE, URIC ACID & UTI",77,REC-0111
ALOE VERA GUAVA JUICE,Frequent Urination,"KIDNEY DISORDERS LIKE STONE, URIC ACID & UTI",77,REC-0115
ALOE VERA GUAVA JUICE,Pain or pressure in your chest,"KIDNEY DISORDERS LIKE STONE, URIC ACID & UTI",77,REC-0114
ALOE VERA GUAVA JUICE,Persistent nausea,"KIDNEY DISORDERS LIKE STONE, URIC ACID & UTI",77,REC-0113
ALOE VERA GUAVA JUICE,Reduced amount of urine,"KIDNEY DISORDERS LIKE STONE, URIC ACID & UTI",77,REC-0109
ALOE VERA GUAVA JUICE,Shortness of breath,"KIDNEY DISORDERS LIKE STONE, URIC ACID & UTI",77,REC-0112
ALOE VERA GUAVA JUICE,Swelling in legs ankles and feet from retention of fluids,"KIDNEY DISORDERS LIKE STONE, URIC ACID & UTI",77,REC-0110
ALOE VERA GUAVA JUICE,Continuous Fatigue,LIVER DISEASES,64,REC-0032
ALOE VERA GUAVA JUICE,Dark Urine,LIVER DISEASES,64,REC-0027
ALOE VERA GUAVA JUICE,Decreased Appetite,LIVER DISEASES,64,REC-0031
ALOE VERA GUAVA JUICE,Easy Bruising,LIVER DISEASES,64,REC-0034
ALOE VERA GUAVA JUICE,Indigestion,LIVER DISEASES,64,REC-0035
ALOE VERA GUAVA JUICE,Itchy Skin,LIVER DISEASES,64,REC-0033
ALOE VERA GUAVA JUICE,Nausea/Vomiting,LIVER DISEASES,64,REC-0030
ALOE VERA GUAVA JUICE,"Pale, Bloody, or Black Stool",LIVER DISEASES,64,REC-0028
ALOE VERA GUAVA JUICE,"Swollen Ankles, Legs or Abdomen",LIVER DISEASES,64,REC-0029
ALOE VERA GUAVA JUICE,Yellow Skin and Eyes,LIVER DISEASES,64,REC-0026
ALOE VERA GUAVA JUICE,"Acne, Psoriasis",SKIN PROBLEMS,73,REC-0092
ALOE VERA GUAVA JUICE,Aging,SKIN PROBLEMS,73,REC-0090
ALOE VERA GUAVA JUICE,Dry Skin,SKIN PROBLEMS,73,REC-0088
ALOE VERA GUAVA JUICE,Photo Damage (UV Rays),SKIN PROBLEMS,73,REC-0087
ALOE VERA GUAVA JUICE,Skin Disorders,SKIN PROBLEMS,73,REC-0091
ALOE VERA GUAVA JUICE,Slow Wound Healing,SKIN PROBLEMS,73,REC-0089
AMPLE MEAL,Changes in Vision,WEIGHT MANAGEMENT,72,REC-0085
AMPLE MEAL,Difficulty in Breathing,WEIGHT MANAGEMENT,72,REC-0082
AMPLE MEAL,Heart Palpitations,WEIGHT MANAGEMENT,72,REC-0083
AMPLE MEAL,Rapid Weight Gain,WEIGHT MANAGEMENT,72,REC-0086
AMPLE MEAL,Shortness of Breath,WEIGHT MANAGEMENT,72,REC-0081
AMPLE MEAL,Skin Sensitivity,WEIGHT MANAGEMENT,72,REC-0080
AMPLE MEAL,Sweating,WEIGHT MANAGEMENT,72,REC-0084
AROGYA CHURN,Abdominal Pain,DIGESTION PROBLEMS (INDIGESTION & ACIDITY),65,REC-0042
AROGYA CHURN,Bloating,DIGESTION PROBLEMS (INDIGESTION & ACIDITY),65,REC-0037
AROGYA CHURN,Constipation,DIGESTION PROBLEMS (INDIGESTION & ACIDITY),65,REC-0043
AROGYA CHURN,Excessive Production of Gastric Acid,DIGESTION PROBLEMS (INDIGESTION & ACIDITY),65,REC-0036
AROGYA CHURN,Gas,DIGESTION PROBLEMS (INDIGESTION & ACIDITY),65,REC-0038
AROGYA CHURN,Heartburn,DIGESTION PROBLEMS (INDIGESTION & ACIDITY),65,REC-0041
AROGYA CHURN,Loss of Appetite,DIGESTION PROBLEMS (INDIGESTION & ACIDITY),65,REC-0040
AROGYA CHURN,Vomiting,DIGESTION PROBLEMS (INDIGESTION & ACIDITY),65,REC-0039
AROGYA CHURN + ALOE VERA GUAVA JUICE,Bright Red Blood in Stools an Itchy Anus,PILES/FISSURE,66,REC-0044
AROGYA CHURN + ALOE VERA GUAVA JUICE,Feeling Like You Still Need To Poo After going to the Toilet,PILES/FISSURE,66,REC-0045
AROGYA CHURN + ALOE VERA GUAVA JUICE,Pain Around Your Anus,PILES/FISSURE,66,REC-0047
AROGYA CHURN + ALOE VERA GUAVA JUICE,Slimy mucus in your underwear or on Toilet Paper After Wiping your bottom,PILES/FISSURE,66,REC-0046
ASTHEAL COUGH SYRUP,Breathlessness,RESPIRATORY HEALTH,68,REC-0059
ASTHEAL COUGH SYRUP,"Cough, Sore Throat",RESPIRATORY HEALTH,68,REC-0058
ASTHEAL COUGH SYRUP,Fatigue,RESPIRATORY HEALTH,68,REC-0061
ASTHEAL COUGH SYRUP,Fever,RESPIRATORY HEALTH,68,REC-0057
ASTHEAL COUGH SYRUP,Headache,RESPIRATORY HEALTH,68,REC-0056
ASTHEAL COUGH SYRUP,Irritability,RESPIRATORY HEALTH,68,REC-0062
ASTHEAL COUGH SYRUP,Pneumonia,RESPIRATORY HEALTH,68,REC-0060
ASTHEAL COUGH SYRUP,Running Nose,RESPIRATORY HEALTH,68,REC-0055
ASTHEAL COUGH SYRUP,Sleep Disturbances,RESPIRATORY HEALTH,68,REC-0063
ASTHPRASH,Breathlessness,RESPIRATORY HEALTH,68,REC-0059
ASTHPRASH,"Cough, Sore Throat",RESPIRATORY HEALTH,68,REC-0058
ASTHPRASH,Fatigue,RESPIRATORY HEALTH,68,REC-0061
ASTHPRASH,Fever,RESPIRATORY HEALTH,68,REC-0057
ASTHPRASH,Headache,RESPIRATORY HEALTH,68,REC-0056
ASTHPRASH,Irritability,RESPIRATORY HEALTH,68,REC-0062
ASTHPRASH,Pneumonia,RESPIRATORY HEALTH,68,REC-0060
ASTHPRASH,Running Nose,RESPIRATORY HEALTH,68,REC-0055
ASTHPRASH,Sleep Disturbances,RESPIRATORY HEALTH,68,REC-0063
ASTHPRASH,Blocked or stuffy (congested) nose causing difficulty breathing through nose,SINUSITIS,81,REC-0145
ASTHPRASH,Drainage down the back of the throat,SINUSITIS,81,REC-0144
ASTHPRASH,Nasal inflammation,SINUSITIS,81,REC-0142
ASTHPRASH,Pain,SINUSITIS,81,REC-0146
ASTHPRASH,Reduced sense of smell and taste,SINUSITIS,81,REC-0147
ASTHPRASH,Runny nose,SINUSITIS,81,REC-0143
CALCIUM TABLET,Back Pain or Joints Pain,BONE & JOINT PROBLEMS,63,REC-0021
CALCIUM TABLET,Fatigue,BONE & JOINT PROBLEMS,63,REC-0025
CALCIUM TABLET,Inflammation & Swelling,BONE & JOINT PROBLEMS,63,REC-0023
CALCIUM TABLET,Joint Stiffness & Noises (Crepitations),BONE & JOINT PROBLEMS,63,REC-0022
CALCIUM TABLET,Tenderness,BONE & JOINT PROBLEMS,63,REC-0024
CALCIUM TABLET,Dementia,ELDERLY PEOPLE HEALTH,80,REC-0135
CALCIUM TABLET,Difficult in healing physical injuries,ELDERLY PEOPLE HEALTH,80,REC-0137
CALCIUM TABLET,Generalised Pain,ELDERLY PEOPLE HEALTH,80,REC-0141
CALCIUM TABLET,Malnutrition,ELDERLY PEOPLE HEALTH,80,REC-0138
CALCIUM TABLET,Mental Disorder,ELDERLY PEOPLE HEALTH,80,REC-0136
CALCIUM TABLET,Oral Health Problems,ELDERLY PEOPLE HEALTH,80,REC-0140
CALCIUM TABLET,Sensory Impairment,ELDERLY PEOPLE HEALTH,80,REC-0139
CALCIUM TABLET,Poor Hair Health,HAIR/NAIL HEALTH,83,REC-0157
CALCIUM TABLET,Poor Nail Health,HAIR/NAIL HEALTH,83,REC-0158
DIBEAT TABLETS,Blurred Vision,DIABETES,61,REC-0010
DIBEAT TABLETS,Extreme Hunger,DIABETES,61,REC-0008
DIBEAT TABLETS,Fatigue,DIABETES,61,REC-0009
DIBEAT TABLETS,Frequent Urination,DIABETES,61,REC-0006
DIBEAT TABLETS,Increased Thirst,DIABETES,61,REC-0005
DIBEAT TABLETS,Slow Healing Sores,DIABETES,61,REC-0011
DIBEAT TABLETS,Tingling Sensations and Numbness,DIABETES,61,REC-0012
DIBEAT TABLETS,Unexplained Weight loss,DIABETES,61,REC-0007
EYE ELIXIR DROPS,Allergic Conjunctivitis,EYE HEALTH,79,REC-0133
EYE ELIXIR DROPS,Blurred Vision,EYE HEALTH,79,REC-0132
EYE ELIXIR DROPS,Dry Eye,EYE HEALTH,79,REC-0127
EYE ELIXIR DROPS,Eye Cancer & Tumors,EYE HEALTH,79,REC-0129
EYE ELIXIR DROPS,Eye Floaters,EYE HEALTH,79,REC-0128
EYE ELIXIR DROPS,Night Blindness,EYE HEALTH,79,REC-0134
EYE ELIXIR DROPS,Red Eyes,EYE HEALTH,79,REC-0131
EYE ELIXIR DROPS,Strain in the Eyes,EYE HEALTH,79,REC-0125
EYE ELIXIR DROPS,Tears in the Eyes,EYE HEALTH,79,REC-0126
EYE ELIXIR DROPS,Tired Eyes,EYE HEALTH,79,REC-0130
EYE HEALTH++ TABLETS,Allergic Conjunctivitis,EYE HEALTH,79,REC-0133
EYE HEALTH++ TABLETS,Blurred Vision,EYE HEALTH,79,REC-0132
EYE HEALTH++ TABLETS,Dry Eye,EYE HEALTH,79,REC-0127
EYE HEALTH++ TABLETS,Eye Cancer & Tumors,EYE HEALTH,79,REC-0129
EYE HEALTH++ TABLETS,Eye Floaters,EYE HEALTH,79,REC-0128
EYE HEALTH++ TABLETS,Night Blindness,EYE HEALTH,79,REC-0134
EYE HEALTH++ TABLETS,Red Eyes,EYE HEALTH,79,REC-0131
EYE HEALTH++ TABLETS,Strain in the Eyes,EYE HEALTH,79,REC-0125
EYE HEALTH++ TABLETS,Tears in the Eyes,EYE HEALTH,79,REC-0126
EYE HEALTH++ TABLETS,Tired Eyes,EYE HEALTH,79,REC-0130
GAS-O-FREE SYRUP,Abdominal Pain,DIGESTION PROBLEMS (INDIGESTION & ACIDITY),65,REC-0042
GAS-O-FREE SYRUP,Bloating,DIGESTION PROBLEMS (INDIGESTION & ACIDITY),65,REC-0037
GAS-O-FREE SYRUP,Constipation,DIGESTION PROBLEMS (INDIGESTION & ACIDITY),65,REC-0043
GAS-O-FREE SYRUP,Excessive Production of Gastric Acid,DIGESTION PROBLEMS (INDIGESTION & ACIDITY),65,REC-0036
GAS-O-FREE SYRUP,Gas,DIGESTION PROBLEMS (INDIGESTION & ACIDITY),65,REC-0038
GAS-O-FREE SYRUP,Heartburn,DIGESTION PROBLEMS (INDIGESTION & ACIDITY),65,REC-0041
GAS-O-FREE SYRUP,Loss of Appetite,DIGESTION PROBLEMS (INDIGESTION & ACIDITY),65,REC-0040
GAS-O-FREE SYRUP,Vomiting,DIGESTION PROBLEMS (INDIGESTION & ACIDITY),65,REC-0039
GAS-O-FREE SYRUP,Abnormal Heart Rhythms,HEART DISEASES,62,REC-0013
GAS-O-FREE SYRUP,Chest Pain,HEART DISEASES,62,REC-0015
GAS-O-FREE SYRUP,Dizziness or Fainting,HEART DISEASES,62,REC-0019
GAS-O-FREE SYRUP,Fatigue,HEART DISEASES,62,REC-0018
GAS-O-FREE SYRUP,High Blood Pressure,HEART DISEASES,62,REC-0014
GAS-O-FREE SYRUP,Palpitations,HEART DISEASES,62,REC-0020
GAS-O-FREE SYRUP,Shortness of Breath,HEART DISEASES,62,REC-0016
GAS-O-FREE SYRUP,Swollen Ankles,HEART DISEASES,62,REC-0017
GAS-O-FREE SYRUP,Continuous Fatigue,LIVER DISEASES,64,REC-0032
GAS-O-FREE SYRUP,Dark Urine,LIVER DISEASES,64,REC-0027
GAS-O-FREE SYRUP,Decreased Appetite,LIVER DISEASES,64,REC-0031
GAS-O-FREE SYRUP,Easy Bruising,LIVER DISEASES,64,REC-0034
GAS-O-FREE SYRUP,Indigestion,LIVER DISEASES,64,REC-0035
GAS-O-FREE SYRUP,Itchy Skin,LIVER DISEASES,64,REC-0033
GAS-O-FREE SYRUP,Nausea/Vomiting,LIVER DISEASES,64,REC-0030
GAS-O-FREE SYRUP,"Pale, Bloody, or Black Stool",LIVER DISEASES,64,REC-0028
GAS-O-FREE SYRUP,"Swollen Ankles, Legs or Abdomen",LIVER DISEASES,64,REC-0029
GAS-O-FREE SYRUP,Yellow Skin and Eyes,LIVER DISEASES,64,REC-0026
GAS-O-FREE SYRUP,Bright Red Blood in Stools an Itchy Anus,PILES/FISSURE,66,REC-0044
GAS-O-FREE SYRUP,Feeling Like You Still Need To Poo After going to the Toilet,PILES/FISSURE,66,REC-0045
GAS-O-FREE SYRUP,Pain Around Your Anus,PILES/FISSURE,66,REC-0047
GAS-O-FREE SYRUP,Slimy mucus in your underwear or on Toilet Paper After Wiping your bottom,PILES/FISSURE,66,REC-0046
GO PILES TABLETS,Bright Red Blood in Stools an Itchy Anus,PILES/FISSURE,66,REC-0044
GO PILES TABLETS,Feeling Like You Still Need To Poo After going to the Toilet,PILES/FISSURE,66,REC-0045
GO PILES TABLETS,Pain Around Your Anus,PILES/FISSURE,66,REC-0047
GO PILES TABLETS,Slimy mucus in your underwear or on Toilet Paper After Wiping your bottom,PILES/FISSURE,66,REC-0046
GOLDEN ELIXIR,Back Pain or Joints Pain,BONE & JOINT PROBLEMS,63,REC-0021
GOLDEN ELIXIR,Fatigue,BONE & JOINT PROBLEMS,63,REC-0025
GOLDEN ELIXIR,Inflammation & Swelling,BONE & JOINT PROBLEMS,63,REC-0023
GOLDEN ELIXIR,Joint Stiffness & Noises (Crepitations),BONE & JOINT PROBLEMS,63,REC-0022
GOLDEN ELIXIR,Tenderness,BONE & JOINT PROBLEMS,63,REC-0024
GOLDEN ELIXIR,Difficulty in Planning and Carrying out tasks,COGNITIVE DEFICITS/BRAIN HEALTH (ADULTS),74,REC-0097
GOLDEN ELIXIR,Disturbed Concentration,COGNITIVE DEFICITS/BRAIN HEALTH (ADULTS),74,REC-0093
GOLDEN ELIXIR,Memory loss,COGNITIVE DEFICITS/BRAIN HEALTH (ADULTS),74,REC-0095
GOLDEN ELIXIR,Sleeplessness,COGNITIVE DEFICITS/BRAIN HEALTH (ADULTS),74,REC-0094
GOLDEN ELIXIR,Trouble in Exercising Judgment,COGNITIVE DEFICITS/BRAIN HEALTH (ADULTS),74,REC-0096
GOLDEN ELIXIR,Blurred Vision,DIABETES,61,REC-0010
GOLDEN ELIXIR,Extreme Hunger,DIABETES,61,REC-0008
GOLDEN ELIXIR,Fatigue,DIABETES,61,REC-0009
GOLDEN ELIXIR,Frequent Urination,DIABETES,61,REC-0006
GOLDEN ELIXIR,Increased Thirst,DIABETES,61,REC-0005
GOLDEN ELIXIR,Slow Healing Sores,DIABETES,61,REC-0011
GOLDEN ELIXIR,Tingling Sensations and Numbness,DIABETES,61,REC-0012
GOLDEN ELIXIR,Unexplained Weight loss,DIABETES,61,REC-0007
GOLDEN ELIXIR,Dementia,ELDERLY PEOPLE HEALTH,80,REC-0135
GOLDEN ELIXIR,Difficult in healing physical injuries,ELDERLY PEOPLE HEALTH,80,REC-0137
GOLDEN ELIXIR,Generalised Pain,ELDERLY PEOPLE HEALTH,80,REC-0141
GOLDEN ELIXIR,Malnutrition,ELDERLY PEOPLE HEALTH,80,REC-0138
GOLDEN ELIXIR,Mental Disorder,ELDERLY PEOPLE HEALTH,80,REC-0136
GOLDEN ELIXIR,Oral Health Problems,ELDERLY PEOPLE HEALTH,80,REC-0140
GOLDEN ELIXIR,Sensory Impairment,ELDERLY PEOPLE HEALTH,80,REC-0139
GOLDEN ELIXIR,Allergic Conjunctivitis,EYE HEALTH,79,REC-0133
GOLDEN ELIXIR,Blurred Vision,EYE HEALTH,79,REC-0132
GOLDEN ELIXIR,Dry Eye,EYE HEALTH,79,REC-0127
GOLDEN ELIXIR,Eye Cancer & Tumors,EYE HEALTH,79,REC-0129
GOLDEN ELIXIR,Eye Floaters,EYE HEALTH,79,REC-0128
GOLDEN ELIXIR,Night Blindness,EYE HEALTH,79,REC-0134
GOLDEN ELIXIR,Red Eyes,EYE HEALTH,79,REC-0131
GOLDEN ELIXIR,Strain in the Eyes,EYE HEALTH,79,REC-0125
GOLDEN ELIXIR,Tears in the Eyes,EYE HEALTH,79,REC-0126
GOLDEN ELIXIR,Tired Eyes,EYE HEALTH,79,REC-0130
GOLDEN ELIXIR,Depression & Anxiety,FEMALE HEALTH (HORMONAL IMBALANCE),70,REC-0070
GOLDEN ELIXIR,Hormonal Imbalance,FEMALE HEALTH (HORMONAL IMBALANCE),70,REC-0071
GOLDEN ELIXIR,"Menstrual Problems (Painful periods, irregular periods, Dysfunctional uterine bleeding)",FEMALE HEALTH (HORMONAL IMBALANCE),70,REC-0069
GOLDEN ELIXIR,Stress,FEMALE HEALTH (HORMONAL IMBALANCE),70,REC-0068
GOLDEN ELIXIR,Chest Pain,FEMALE HEALTH (WEAKNESS),71,REC-0078
GOLDEN ELIXIR,Cold Hands and Feet,FEMALE HEALTH (WEAKNESS),71,REC-0079
GOLDEN ELIXIR,Dizziness or Light Headedness,FEMALE HEALTH (WEAKNESS),71,REC-0076
GOLDEN ELIXIR,Fatigue,FEMALE HEALTH (WEAKNESS),71,REC-0072
GOLDEN ELIXIR,Irregular Heartbeats,FEMALE HEALTH (WEAKNESS),71,REC-0074
GOLDEN ELIXIR,Pale or Yellowish Skin,FEMALE HEALTH (WEAKNESS),71,REC-0073
GOLDEN ELIXIR,Shortness of Breath,FEMALE HEALTH (WEAKNESS),71,REC-0075
GOLDEN ELIXIR,Weakness,FEMALE HEALTH (WEAKNESS),71,REC-0077
GOLDEN ELIXIR,Physical Retardation,GENERAL HEALTH & WELL-BEING,60,REC-0001
GOLDEN ELIXIR,Reduced Cognitive abilities,GENERAL HEALTH & WELL-BEING,60,REC-0002
GOLDEN ELIXIR,Weakness OR Tiredness,GENERAL HEALTH & WELL-BEING,60,REC-0003
GOLDEN ELIXIR,Poor Hair Health,HAIR/NAIL HEALTH,83,REC-0157
GOLDEN ELIXIR,Poor Nail Health,HAIR/NAIL HEALTH,83,REC-0158
GOLDEN ELIXIR,Depression or anxiety,HEALTHY SLEEP,82,REC-0152
GOLDEN ELIXIR,Difficulty falling asleep at night,HEALTHY SLEEP,82,REC-0148
GOLDEN ELIXIR,Difficulty paying attention,HEALTHY SLEEP,82,REC-0153
GOLDEN ELIXIR,Focusing on tasks or remembering,HEALTHY SLEEP,82,REC-0154
GOLDEN ELIXIR,Increased errors or accidents,HEALTHY SLEEP,82,REC-0155
GOLDEN ELIXIR,Ongoing worries about sleep,HEALTHY SLEEP,82,REC-0156
GOLDEN ELIXIR,Sleep Daytime tiredness,HEALTHY SLEEP,82,REC-0151
GOLDEN ELIXIR,Waking up during the night,HEALTHY SLEEP,82,REC-0149
GOLDEN ELIXIR,Waking up too early,HEALTHY SLEEP,82,REC-0150
GOLDEN ELIXIR,Abnormal Heart Rhythms,HEART DISEASES,62,REC-0013
GOLDEN ELIXIR,Chest Pain,HEART DISEASES,62,REC-0015
GOLDEN ELIXIR,Dizziness or Fainting,HEART DISEASES,62,REC-0019
GOLDEN ELIXIR,Fatigue,HEART DISEASES,62,REC-0018
GOLDEN ELIXIR,High Blood Pressure,HEART DISEASES,62,REC-0014
GOLDEN ELIXIR,Palpitations,HEART DISEASES,62,REC-0020
GOLDEN ELIXIR,Shortness of Breath,HEART DISEASES,62,REC-0016
GOLDEN ELIXIR,Swollen Ankles,HEART DISEASES,62,REC-0017
GOLDEN ELIXIR,"Cough, Cold and Fever",IMMUNITY,67,REC-0048
GOLDEN ELIXIR,Delayed Growth and Development,IMMUNITY,67,REC-0054
GOLDEN ELIXIR,Lack of Energy,IMMUNITY,67,REC-0050
GOLDEN ELIXIR,Loss Of Appetite,IMMUNITY,67,REC-0052
GOLDEN ELIXIR,Nausea and Diarrhoea,IMMUNITY,67,REC-0053
GOLDEN ELIXIR,Skin Allergies,IMMUNITY,67,REC-0051
GOLDEN ELIXIR,Slow Healing of Wound,IMMUNITY,67,REC-0049
GOLDEN ELIXIR,Burning Urination,"KIDNEY DISORDERS LIKE STONE, URIC ACID & UTI",77,REC-0116
GOLDEN ELIXIR,Excessive drowsiness,"KIDNEY DISORDERS LIKE STONE, URIC ACID & UTI",77,REC-0111
GOLDEN ELIXIR,Frequent Urination,"KIDNEY DISORDERS LIKE STONE, URIC ACID & UTI",77,REC-0115
GOLDEN ELIXIR,Pain or pressure in your chest,"KIDNEY DISORDERS LIKE STONE, URIC ACID & UTI",77,REC-0114
GOLDEN ELIXIR,Persistent nausea,"KIDNEY DISORDERS LIKE STONE, URIC ACID & UTI",77,REC-0113
GOLDEN ELIXIR,Reduced amount of urine,"KIDNEY DISORDERS LIKE STONE, URIC ACID & UTI",77,REC-0109
GOLDEN ELIXIR,Shortness of breath,"KIDNEY DISORDERS LIKE STONE, URIC ACID & UTI",77,REC-0112
GOLDEN ELIXIR,Swelling in legs ankles and feet from retention of fluids,"KIDNEY DISORDERS LIKE STONE, URIC ACID & UTI",77,REC-0110
GOLDEN ELIXIR,Continuous Fatigue,LIVER DISEASES,64,REC-0032
GOLDEN ELIXIR,Dark Urine,LIVER DISEASES,64,REC-0027
GOLDEN ELIXIR,Decreased Appetite,LIVER DISEASES,64,REC-0031
GOLDEN ELIXIR,Easy Bruising,LIVER DISEASES,64,REC-0034
GOLDEN ELIXIR,Indigestion,LIVER DISEASES,64,REC-0035
GOLDEN ELIXIR,Itchy Skin,LIVER DISEASES,64,REC-0033
GOLDEN ELIXIR,Nausea/Vomiting,LIVER DISEASES,64,REC-0030
GOLDEN ELIXIR,"Pale, Bloody, or Black Stool",LIVER DISEASES,64,REC-0028
GOLDEN ELIXIR,"Swollen Ankles, Legs or Abdomen",LIVER DISEASES,64,REC-0029
GOLDEN ELIXIR,Yellow Skin and Eyes,LIVER DISEASES,64,REC-0026
GOLDEN ELIXIR,Erectile Dysfunction,MALE HEALTH ISSUES,69,REC-0065
GOLDEN ELIXIR,Hypoactive Sexual Desire Disorder,MALE HEALTH ISSUES,69,REC-0064
GOLDEN ELIXIR,Lack of libido,MALE HEALTH ISSUES,69,REC-0067
GOLDEN ELIXIR,Premature Ejaculation,MALE HEALTH ISSUES,69,REC-0066
GOLDEN ELIXIR,Breathlessness,RESPIRATORY HEALTH,68,REC-0059
GOLDEN ELIXIR,"Cough, Sore Throat",RESPIRATORY HEALTH,68,REC-0058
GOLDEN ELIXIR,Fatigue,RESPIRATORY HEALTH,68,REC-0061
GOLDEN ELIXIR,Fever,RESPIRATORY HEALTH,68,REC-0057
GOLDEN ELIXIR,Headache,RESPIRATORY HEALTH,68,REC-0056
GOLDEN ELIXIR,Irritability,RESPIRATORY HEALTH,68,REC-0062
GOLDEN ELIXIR,Pneumonia,RESPIRATORY HEALTH,68,REC-0060
GOLDEN ELIXIR,Running Nose,RESPIRATORY HEALTH,68,REC-0055
GOLDEN ELIXIR,Sleep Disturbances,RESPIRATORY HEALTH,68,REC-0063
GOLDEN ELIXIR,Abnormal or weak reflexes,SCIATICA,76,REC-0106
GOLDEN ELIXIR,Difficulty bending the foot,SCIATICA,76,REC-0104
GOLDEN ELIXIR,Difficulty walking on your toes,SCIATICA,76,REC-0105
GOLDEN ELIXIR,Loss of sensation or numbness,SCIATICA,76,REC-0107
GOLDEN ELIXIR,Pain when lifting the leg,SCIATICA,76,REC-0108
GOLDEN ELIXIR,Weakness when bending the knee,SCIATICA,76,REC-0103
GOLDEN ELIXIR,Blocked or stuffy (congested) nose causing difficulty breathing through nose,SINUSITIS,81,REC-0145
GOLDEN ELIXIR,Drainage down the back of the throat,SINUSITIS,81,REC-0144
GOLDEN ELIXIR,Nasal inflammation,SINUSITIS,81,REC-0142
GOLDEN ELIXIR,Pain,SINUSITIS,81,REC-0146
GOLDEN ELIXIR,Reduced sense of smell and taste,SINUSITIS,81,REC-0147
GOLDEN ELIXIR,Runny nose,SINUSITIS,81,REC-0143
GOLDEN ELIXIR,"Acne, Psoriasis",SKIN PROBLEMS,73,REC-0092
GOLDEN ELIXIR,Aging,SKIN PROBLEMS,73,REC-0090
GOLDEN ELIXIR,Dry Skin,SKIN PROBLEMS,73,REC-0088
GOLDEN ELIXIR,Photo Damage (UV Rays),SKIN PROBLEMS,73,REC-0087
GOLDEN ELIXIR,Skin Disorders,SKIN PROBLEMS,73,REC-0091
GOLDEN ELIXIR,Slow Wound Healing,SKIN PROBLEMS,73,REC-0089
GOLDEN ELIXIR,Anxiety,THYROID PREFERABLY (HYPOTHYROIDISM),78,REC-0117
GOLDEN ELIXIR,Difficulty concentrating,THYROID PREFERABLY (HYPOTHYROIDISM),78,REC-0118
GOLDEN ELIXIR,Disturbed bowel movements,THYROID PREFERABLY (HYPOTHYROIDISM),78,REC-0120
GOLDEN ELIXIR,Fatigue,THYROID PREFERABLY (HYPOTHYROIDISM),78,REC-0119
GOLDEN ELIXIR,Hair loss,THYROID PREFERABLY (HYPOTHYROIDISM),78,REC-0122
GOLDEN ELIXIR,Hand tremor,THYROID PREFERABLY (HYPOTHYROIDISM),78,REC-0123
GOLDEN ELIXIR,Heat intolerance,THYROID PREFERABLY (HYPOTHYROIDISM),78,REC-0124
GOLDEN ELIXIR,Weight Gain,THYROID PREFERABLY (HYPOTHYROIDISM),78,REC-0121
GOLDEN ELIXIR,An achy or heavy feeling in the legs,"VARICOSE VEINS (TWISTED, ENLARGED VEINS)",75,REC-0098
GOLDEN ELIXIR,"Burning, throbbing, muscle cramping and swelling in the lower legs","VARICOSE VEINS (TWISTED, ENLARGED VEINS)",75,REC-0099
GOLDEN ELIXIR,Change Skin Color around a varicose vein,"VARICOSE VEINS (TWISTED, ENLARGED VEINS)",75,REC-0102
GOLDEN ELIXIR,Itching around one or more of the veins,"VARICOSE VEINS (TWISTED, ENLARGED VEINS)",75,REC-0101
GOLDEN ELIXIR,Worsened pain after sitting or standing for a long time,"VARICOSE VEINS (TWISTED, ENLARGED VEINS)",75,REC-0100
GOPILES SYRUP,Bright Red Blood in Stools an Itchy Anus,PILES/FISSURE,66,REC-0044
GOPILES SYRUP,Feeling Like You Still Need To Poo After going to the Toilet,PILES/FISSURE,66,REC-0045
GOPILES SYRUP,Pain Around Your Anus,PILES/FISSURE,66,REC-0047
GOPILES SYRUP,Slimy mucus in your underwear or on Toilet Paper After Wiping your bottom,PILES/FISSURE,66,REC-0046
HB+ SYRUP,Chest Pain,FEMALE HEALTH (WEAKNESS),71,REC-0078
HB+ SYRUP,Cold Hands and Feet,FEMALE HEALTH (WEAKNESS),71,REC-0079
HB+ SYRUP,Dizziness or Light Headedness,FEMALE HEALTH (WEAKNESS),71,REC-0076
HB+ SYRUP,Fatigue,FEMALE HEALTH (WEAKNESS),71,REC-0072
HB+ SYRUP,Irregular Heartbeats,FEMALE HEALTH (WEAKNESS),71,REC-0074
HB+ SYRUP,Pale or Yellowish Skin,FEMALE HEALTH (WEAKNESS),71,REC-0073
HB+ SYRUP,Shortness of Breath,FEMALE HEALTH (WEAKNESS),71,REC-0075
HB+ SYRUP,Weakness,FEMALE HEALTH (WEAKNESS),71,REC-0077
HB+ SYRUP,Poor Hair Health,HAIR/NAIL HEALTH,83,REC-0157
HB+ SYRUP,Poor Nail Health,HAIR/NAIL HEALTH,83,REC-0158
HIENERGY TABLETS,Depression or anxiety,HEALTHY SLEEP,82,REC-0152
HIENERGY TABLETS,Difficulty falling asleep at night,HEALTHY SLEEP,82,REC-0148
HIENERGY TABLETS,Difficulty paying attention,HEALTHY SLEEP,82,REC-0153
HIENERGY TABLETS,Focusing on tasks or remembering,HEALTHY SLEEP,82,REC-0154
HIENERGY TABLETS,Increased errors or accidents,HEALTHY SLEEP,82,REC-0155
HIENERGY TABLETS,Ongoing worries about sleep,HEALTHY SLEEP,82,REC-0156
HIENERGY TABLETS,Sleep Daytime tiredness,HEALTHY SLEEP,82,REC-0151
HIENERGY TABLETS,Waking up during the night,HEALTHY SLEEP,82,REC-0149
HIENERGY TABLETS,Waking up too early,HEALTHY SLEEP,82,REC-0150
HIENERGY TABLETS,"Cough, Cold and Fever",IMMUNITY,67,REC-0048
HIENERGY TABLETS,Delayed Growth and Development,IMMUNITY,67,REC-0054
HIENERGY TABLETS,Lack of Energy,IMMUNITY,67,REC-0050
HIENERGY TABLETS,Loss Of Appetite,IMMUNITY,67,REC-0052
HIENERGY TABLETS,Nausea and Diarrhoea,IMMUNITY,67,REC-0053
HIENERGY TABLETS,Skin Allergies,IMMUNITY,67,REC-0051
HIENERGY TABLETS,Slow Healing of Wound,IMMUNITY,67,REC-0049
KIDNEY KAWACH,Burning Urination,"KIDNEY DISORDERS LIKE STONE, URIC ACID & UTI",77,REC-0116
KIDNEY KAWACH,Excessive drowsiness,"KIDNEY DISORDERS LIKE STONE, URIC ACID & UTI",77,REC-0111
KIDNEY KAWACH,Frequent Urination,"KIDNEY DISORDERS LIKE STONE, URIC ACID & UTI",77,REC-0115
KIDNEY KAWACH,Pain or pressure in your chest,"KIDNEY DISORDERS LIKE STONE, URIC ACID & UTI",77,REC-0114
KIDNEY KAWACH,Persistent nausea,"KIDNEY DISORDERS LIKE STONE, URIC ACID & UTI",77,REC-0113
KIDNEY KAWACH,Reduced amount of urine,"KIDNEY DISORDERS LIKE STONE, URIC ACID & UTI",77,REC-0109
KIDNEY KAWACH,Shortness of breath,"KIDNEY DISORDERS LIKE STONE, URIC ACID & UTI",77,REC-0112
KIDNEY KAWACH,Swelling in legs ankles and feet from retention of fluids,"KIDNEY DISORDERS LIKE STONE, URIC ACID & UTI",77,REC-0110
L-ARGININE++ (NITRIC OXIDE PRECURSOR),Poor Hair Health,HAIR/NAIL HEALTH,83,REC-0157
L-ARGININE++ (NITRIC OXIDE PRECURSOR),Poor Nail Health,HAIR/NAIL HEALTH,83,REC-0158
L-ARGININE++ (NITRIC OXIDE PRECURSOR),Changes in Vision,WEIGHT MANAGEMENT,72,REC-0085
L-ARGININE++ (NITRIC OXIDE PRECURSOR),Difficulty in Breathing,WEIGHT MANAGEMENT,72,REC-0082
L-ARGININE++ (NITRIC OXIDE PRECURSOR),Heart Palpitations,WEIGHT MANAGEMENT,72,REC-0083
L-ARGININE++ (NITRIC OXIDE PRECURSOR),Rapid Weight Gain,WEIGHT MANAGEMENT,72,REC-0086
L-ARGININE++ (NITRIC OXIDE PRECURSOR),Shortness of Breath,WEIGHT MANAGEMENT,72,REC-0081
L-ARGININE++ (NITRIC OXIDE PRECURSOR),Skin Sensitivity,WEIGHT MANAGEMENT,72,REC-0080
L-ARGININE++ (NITRIC OXIDE PRECURSOR),Sweating,WEIGHT MANAGEMENT,72,REC-0084
LIVEASE SYRUP,Blurred Vision,DIABETES,61,REC-0010
LIVEASE SYRUP,Extreme Hunger,DIABETES,61,REC-0008
LIVEASE SYRUP,Fatigue,DIABETES,61,REC-0009
LIVEASE SYRUP,Frequent Urination,DIABETES,61,REC-0006
LIVEASE SYRUP,Increased Thirst,DIABETES,61,REC-0005
LIVEASE SYRUP,Slow Healing Sores,DIABETES,61,REC-0011
LIVEASE SYRUP,Tingling Sensations and Numbness,DIABETES,61,REC-0012
LIVEASE SYRUP,Unexplained Weight loss,DIABETES,61,REC-0007
LIVEASE SYRUP,Abdominal Pain,DIGESTION PROBLEMS (INDIGESTION & ACIDITY),65,REC-0042
LIVEASE SYRUP,Bloating,DIGESTION PROBLEMS (INDIGESTION & ACIDITY),65,REC-0037
LIVEASE SYRUP,Constipation,DIGESTION PROBLEMS (INDIGESTION & ACIDITY),65,REC-0043
LIVEASE SYRUP,Excessive Production of Gastric Acid,DIGESTION PROBLEMS (INDIGESTION & ACIDITY),65,REC-0036
LIVEASE SYRUP,Gas,DIGESTION PROBLEMS (INDIGESTION & ACIDITY),65,REC-0038
LIVEASE SYRUP,Heartburn,DIGESTION PROBLEMS (INDIGESTION & ACIDITY),65,REC-0041
LIVEASE SYRUP,Loss of Appetite,DIGESTION PROBLEMS (INDIGESTION & ACIDITY),65,REC-0040
LIVEASE SYRUP,Vomiting,DIGESTION PROBLEMS (INDIGESTION & ACIDITY),65,REC-0039
LIVEASE SYRUP,Continuous Fatigue,LIVER DISEASES,64,REC-0032
LIVEASE SYRUP,Dark Urine,LIVER DISEASES,64,REC-0027
LIVEASE SYRUP,Decreased Appetite,LIVER DISEASES,64,REC-0031
LIVEASE SYRUP,Easy Bruising,LIVER DISEASES,64,REC-0034
LIVEASE SYRUP,Indigestion,LIVER DISEASES,64,REC-0035
LIVEASE SYRUP,Itchy Skin,LIVER DISEASES,64,REC-0033
LIVEASE SYRUP,Nausea/Vomiting,LIVER DISEASES,64,REC-0030
LIVEASE SYRUP,"Pale, Bloody, or Black Stool",LIVER DISEASES,64,REC-0028
LIVEASE SYRUP,"Swollen Ankles, Legs or Abdomen",LIVER DISEASES,64,REC-0029
LIVEASE SYRUP,Yellow Skin and Eyes,LIVER DISEASES,64,REC-0026
LIVEASE SYRUP,Bright Red Blood in Stools an Itchy Anus,PILES/FISSURE,66,REC-0044
LIVEASE SYRUP,Feeling Like You Still Need To Poo After going to the Toilet,PILES/FISSURE,66,REC-0045
LIVEASE SYRUP,Pain Around Your Anus,PILES/FISSURE,66,REC-0047
LIVEASE SYRUP,Slimy mucus in your underwear or on Toilet Paper After Wiping your bottom,PILES/FISSURE,66,REC-0046
LIVEASE SYRUP,"Acne, Psoriasis",SKIN PROBLEMS,73,REC-0092
LIVEASE SYRUP,Aging,SKIN PROBLEMS,73,REC-0090
LIVEASE SYRUP,Dry Skin,SKIN PROBLEMS,73,REC-0088
LIVEASE SYRUP,Photo Damage (UV Rays),SKIN PROBLEMS,73,REC-0087
LIVEASE SYRUP,Skin Disorders,SKIN PROBLEMS,73,REC-0091
LIVEASE SYRUP,Slow Wound Healing,SKIN PROBLEMS,73,REC-0089
MULTI VITAMINS TABLETS,Dementia,ELDERLY PEOPLE HEALTH,80,REC-0135
MULTI VITAMINS TABLETS,Difficult in healing physical injuries,ELDERLY PEOPLE HEALTH,80,REC-0137
MULTI VITAMINS TABLETS,Generalised Pain,ELDERLY PEOPLE HEALTH,80,REC-0141
MULTI VITAMINS TABLETS,Malnutrition,ELDERLY PEOPLE HEALTH,80,REC-0138
MULTI VITAMINS TABLETS,Mental Disorder,ELDERLY PEOPLE HEALTH,80,REC-0136
MULTI VITAMINS TABLETS,Oral Health Problems,ELDERLY PEOPLE HEALTH,80,REC-0140
MULTI VITAMINS TABLETS,Sensory Impairment,ELDERLY PEOPLE HEALTH,80,REC-0139
MULTI VITAMINS TABLETS,Allergic Conjunctivitis,EYE HEALTH,79,REC-0133
MULTI VITAMINS TABLETS,Blurred Vision,EYE HEALTH,79,REC-0132
MULTI VITAMINS TABLETS,Dry Eye,EYE HEALTH,79,REC-0127
MULTI VITAMINS TABLETS,Eye Cancer & Tumors,EYE HEALTH,79,REC-0129
MULTI VITAMINS TABLETS,Eye Floaters,EYE HEALTH,79,REC-0128
MULTI VITAMINS TABLETS,Night Blindness,EYE HEALTH,79,REC-0134
MULTI VITAMINS TABLETS,Red Eyes,EYE HEALTH,79,REC-0131
MULTI VITAMINS TABLETS,Strain in the Eyes,EYE HEALTH,79,REC-0125
MULTI VITAMINS TABLETS,Tears in the Eyes,EYE HEALTH,79,REC-0126
MULTI VITAMINS TABLETS,Tired Eyes,EYE HEALTH,79,REC-0130
MULTI VITAMINS TABLETS,Chest Pain,FEMALE HEALTH (WEAKNESS),71,REC-0078
MULTI VITAMINS TABLETS,Cold Hands and Feet,FEMALE HEALTH (WEAKNESS),71,REC-0079
MULTI VITAMINS TABLETS,Dizziness or Light Headedness,FEMALE HEALTH (WEAKNESS),71,REC-0076
MULTI VITAMINS TABLETS,Fatigue,FEMALE HEALTH (WEAKNESS),71,REC-0072
MULTI VITAMINS TABLETS,Irregular Heartbeats,FEMALE HEALTH (WEAKNESS),71,REC-0074
MULTI VITAMINS TABLETS,Pale or Yellowish Skin,FEMALE HEALTH (WEAKNESS),71,REC-0073
MULTI VITAMINS TABLETS,Shortness of Breath,FEMALE HEALTH (WEAKNESS),71,REC-0075
MULTI VITAMINS TABLETS,Weakness,FEMALE HEALTH (WEAKNESS),71,REC-0077
MULTI VITAMINS TABLETS,Decreased Immunity,GENERAL HEALTH & WELL-BEING,60,REC-0004
MULTI VITAMINS TABLETS,Poor Hair Health,HAIR/NAIL HEALTH,83,REC-0157
MULTI VITAMINS TABLETS,Poor Nail Health,HAIR/NAIL HEALTH,83,REC-0158
MULTI VITAMINS TABLETS,Depression or anxiety,HEALTHY SLEEP,82,REC-0152
MULTI VITAMINS TABLETS,Difficulty falling asleep at night,HEALTHY SLEEP,82,REC-0148
MULTI VITAMINS TABLETS,Difficulty paying attention,HEALTHY SLEEP,82,REC-0153
MULTI VITAMINS TABLETS,Focusing on tasks or remembering,HEALTHY SLEEP,82,REC-0154
MULTI VITAMINS TABLETS,Increased errors or accidents,HEALTHY SLEEP,82,REC-0155
MULTI VITAMINS TABLETS,Ongoing worries about sleep,HEALTHY SLEEP,82,REC-0156
MULTI VITAMINS TABLETS,Sleep Daytime tiredness,HEALTHY SLEEP,82,REC-0151
MULTI VITAMINS TABLETS,Waking up during the night,HEALTHY SLEEP,82,REC-0149
MULTI VITAMINS TABLETS,Waking up too early,HEALTHY SLEEP,82,REC-0150
MULTI VITAMINS TABLETS,"Cough, Cold and Fever",IMMUNITY,67,REC-0048
MULTI VITAMINS TABLETS,Delayed Growth and Development,IMMUNITY,67,REC-0054
MULTI VITAMINS TABLETS,Lack of Energy,IMMUNITY,67,REC-0050
MULTI VITAMINS TABLETS,Loss Of Appetite,IMMUNITY,67,REC-0052
MULTI VITAMINS TABLETS,Nausea and Diarrhoea,IMMUNITY,67,REC-0053
MULTI VITAMINS TABLETS,Skin Allergies,IMMUNITY,67,REC-0051
MULTI VITAMINS TABLETS,Slow Healing of Wound,IMMUNITY,67,REC-0049
N-ASTHEAL TABLET,Breathlessness,RESPIRATORY HEALTH,68,REC-0059
N-ASTHEAL TABLET,"Cough, Sore Throat",RESPIRATORY HEALTH,68,REC-0058
N-ASTHEAL TABLET,Fatigue,RESPIRATORY HEALTH,68,REC-0061
N-ASTHEAL TABLET,Fever,RESPIRATORY HEALTH,68,REC-0057
N-ASTHEAL TABLET,Headache,RESPIRATORY HEALTH,68,REC-0056
N-ASTHEAL TABLET,Irritability,RESPIRATORY HEALTH,68,REC-0062
N-ASTHEAL TABLET,Pneumonia,RESPIRATORY HEALTH,68,REC-0060
N-ASTHEAL TABLET,Running Nose,RESPIRATORY HEALTH,68,REC-0055
N-ASTHEAL TABLET,Sleep Disturbances,RESPIRATORY HEALTH,68,REC-0063
N-ASTHEAL TABLET,Blocked or stuffy (congested) nose causing difficulty breathing through nose,SINUSITIS,81,REC-0145
N-ASTHEAL TABLET,Drainage down the back of the throat,SINUSITIS,81,REC-0144
N-ASTHEAL TABLET,Nasal inflammation,SINUSITIS,81,REC-0142
N-ASTHEAL TABLET,Pain,SINUSITIS,81,REC-0146
N-ASTHEAL TABLET,Reduced sense of smell and taste,SINUSITIS,81,REC-0147
N-ASTHEAL TABLET,Runny nose,SINUSITIS,81,REC-0143
NONIMA JUICE,Blurred Vision,DIABETES,61,REC-0010
NONIMA JUICE,Extreme Hunger,DIABETES,61,REC-0008
NONIMA JUICE,Fatigue,DIABETES,61,REC-0009
NONIMA JUICE,Frequent Urination,DIABETES,61,REC-0006
NONIMA JUICE,Increased Thirst,DIABETES,61,REC-0005
NONIMA JUICE,Slow Healing Sores,DIABETES,61,REC-0011
NONIMA JUICE,Tingling Sensations and Numbness,DIABETES,61,REC-0012
NONIMA JUICE,Unexplained Weight loss,DIABETES,61,REC-0007
NONIMA JUICE,Abdominal Pain,DIGESTION PROBLEMS (INDIGESTION & ACIDITY),65,REC-0042
NONIMA JUICE,Bloating,DIGESTION PROBLEMS (INDIGESTION & ACIDITY),65,REC-0037
NONIMA JUICE,Constipation,DIGESTION PROBLEMS (INDIGESTION & ACIDITY),65,REC-0043
NONIMA JUICE,Excessive Production of Gastric Acid,DIGESTION PROBLEMS (INDIGESTION & ACIDITY),65,REC-0036
NONIMA JUICE,Gas,DIGESTION PROBLEMS (INDIGESTION & ACIDITY),65,REC-0038
NONIMA JUICE,Heartburn,DIGESTION PROBLEMS (INDIGESTION & ACIDITY),65,REC-0041
NONIMA JUICE,Loss of Appetite,DIGESTION PROBLEMS (INDIGESTION & ACIDITY),65,REC-0040
NONIMA JUICE,Vomiting,DIGESTION PROBLEMS (INDIGESTION & ACIDITY),65,REC-0039
NONIMA JUICE,Decreased Immunity,GENERAL HEALTH & WELL-BEING,60,REC-0004
NONIMA JUICE,Burning Urination,"KIDNEY DISORDERS LIKE STONE, URIC ACID & UTI",77,REC-0116
NONIMA JUICE,Excessive drowsiness,"KIDNEY DISORDERS LIKE STONE, URIC ACID & UTI",77,REC-0111
NONIMA JUICE,Frequent Urination,"KIDNEY DISORDERS LIKE STONE, URIC ACID & UTI",77,REC-0115
NONIMA JUICE,Pain or pressure in your chest,"KIDNEY DISORDERS LIKE STONE, URIC ACID & UTI",77,REC-0114
NONIMA JUICE,Persistent nausea,"KIDNEY DISORDERS LIKE STONE, URIC ACID & UTI",77,REC-0113
NONIMA JUICE,Reduced amount of urine,"KIDNEY DISORDERS LIKE STONE, URIC ACID & UTI",77,REC-0109
NONIMA JUICE,Shortness of breath,"KIDNEY DISORDERS LIKE STONE, URIC ACID & UTI",77,REC-0112
NONIMA JUICE,Swelling in legs ankles and feet from retention of fluids,"KIDNEY DISORDERS LIKE STONE, URIC ACID & UTI",77,REC-0110
NONIMA JUICE,Continuous Fatigue,LIVER DISEASES,64,REC-0032
NONIMA JUICE,Dark Urine,LIVER DISEASES,64,REC-0027
NONIMA JUICE,Decreased Appetite,LIVER DISEASES,64,REC-0031
NONIMA JUICE,Easy Bruising,LIVER DISEASES,64,REC-0034
NONIMA JUICE,Indigestion,LIVER DISEASES,64,REC-0035
NONIMA JUICE,Itchy Skin,LIVER DISEASES,64,REC-0033
NONIMA JUICE,Nausea/Vomiting,LIVER DISEASES,64,REC-0030
NONIMA JUICE,"Pale, Bloody, or Black Stool",LIVER DISEASES,64,REC-0028
NONIMA JUICE,"Swollen Ankles, Legs or Abdomen",LIVER DISEASES,64,REC-0029
NONIMA JUICE,Yellow Skin and Eyes,LIVER DISEASES,64,REC-0026
NONIMA JUICE,"Acne, Psoriasis",SKIN PROBLEMS,73,REC-0092
NONIMA JUICE,Aging,SKIN PROBLEMS,73,REC-0090
NONIMA JUICE,Dry Skin,SKIN PROBLEMS,73,REC-0088
NONIMA JUICE,Photo Damage (UV Rays),SKIN PROBLEMS,73,REC-0087
NONIMA JUICE,Skin Disorders,SKIN PROBLEMS,73,REC-0091
NONIMA JUICE,Slow Wound Healing,SKIN PROBLEMS,73,REC-0089
NONIMA JUICE,Changes in Vision,WEIGHT MANAGEMENT,72,REC-0085
NONIMA JUICE,Difficulty in Breathing,WEIGHT MANAGEMENT,72,REC-0082
NONIMA JUICE,Heart Palpitations,WEIGHT MANAGEMENT,72,REC-0083
NONIMA JUICE,Rapid Weight Gain,WEIGHT MANAGEMENT,72,REC-0086
NONIMA JUICE,Shortness of Breath,WEIGHT MANAGEMENT,72,REC-0081
NONIMA JUICE,Skin Sensitivity,WEIGHT MANAGEMENT,72,REC-0080
NONIMA JUICE,Sweating,WEIGHT MANAGEMENT,72,REC-0084
OMEGA 3-6-9 SOFTGEL CAPSULES,Back Pain or Joints Pain,BONE & JOINT PROBLEMS,63,REC-0021
OMEGA 3-6-9 SOFTGEL CAPSULES,Fatigue,BONE & JOINT PROBLEMS,63,REC-0025
OMEGA 3-6-9 SOFTGEL CAPSULES,Inflammation & Swelling,BONE & JOINT PROBLEMS,63,REC-0023
OMEGA 3-6-9 SOFTGEL CAPSULES,Joint Stiffness & Noises (Crepitations),BONE & JOINT PROBLEMS,63,REC-0022
OMEGA 3-6-9 SOFTGEL CAPSULES,Tenderness,BONE & JOINT PROBLEMS,63,REC-0024
OMEGA 3-6-9 SOFTGEL CAPSULES,Difficulty in Planning and Carrying out tasks,COGNITIVE DEFICITS/BRAIN HEALTH (ADULTS),74,REC-0097
OMEGA 3-6-9 SOFTGEL CAPSULES,Disturbed Concentration,COGNITIVE DEFICITS/BRAIN HEALTH (ADULTS),74,REC-0093
OMEGA 3-6-9 SOFTGEL CAPSULES,Memory loss,COGNITIVE DEFICITS/BRAIN HEALTH (ADULTS),74,REC-0095
OMEGA 3-6-9 SOFTGEL CAPSULES,Sleeplessness,COGNITIVE DEFICITS/BRAIN HEALTH (ADULTS),74,REC-0094
OMEGA 3-6-9 SOFTGEL CAPSULES,Trouble in Exercising Judgment,COGNITIVE DEFICITS/BRAIN HEALTH (ADULTS),74,REC-0096
OMEGA 3-6-9 SOFTGEL CAPSULES,Abnormal Heart Rhythms,HEART DISEASES,62,REC-0013
OMEGA 3-6-9 SOFTGEL CAPSULES,Chest Pain,HEART DISEASES,62,REC-0015
OMEGA 3-6-9 SOFTGEL CAPSULES,Dizziness or Fainting,HEART DISEASES,62,REC-0019
OMEGA 3-6-9 SOFTGEL CAPSULES,Fatigue,HEART DISEASES,62,REC-0018
OMEGA 3-6-9 SOFTGEL CAPSULES,High Blood Pressure,HEART DISEASES,62,REC-0014
OMEGA 3-6-9 SOFTGEL CAPSULES,Palpitations,HEART DISEASES,62,REC-0020
OMEGA 3-6-9 SOFTGEL CAPSULES,Shortness of Breath,HEART DISEASES,62,REC-0016
OMEGA 3-6-9 SOFTGEL CAPSULES,Swollen Ankles,HEART DISEASES,62,REC-0017
OMEGA 3-6-9 SOFTGEL CAPSULES,Erectile Dysfunction,MALE HEALTH ISSUES,69,REC-0065
OMEGA 3-6-9 SOFTGEL CAPSULES,Hypoactive Sexual Desire Disorder,MALE HEALTH ISSUES,69,REC-0064
OMEGA 3-6-9 SOFTGEL CAPSULES,Lack of libido,MALE HEALTH ISSUES,69,REC-0067
OMEGA 3-6-9 SOFTGEL CAPSULES,Premature Ejaculation,MALE HEALTH ISSUES,69,REC-0066
OMEGA 3-6-9 SOFTGEL CAPSULES,Abnormal or weak reflexes,SCIATICA,76,REC-0106
OMEGA 3-6-9 SOFTGEL CAPSULES,Difficulty bending the foot,SCIATICA,76,REC-0104
OMEGA 3-6-9 SOFTGEL CAPSULES,Difficulty walking on your toes,SCIATICA,76,REC-0105
OMEGA 3-6-9 SOFTGEL CAPSULES,Loss of sensation or numbness,SCIATICA,76,REC-0107
OMEGA 3-6-9 SOFTGEL CAPSULES,Pain when lifting the leg,SCIATICA,76,REC-0108
OMEGA 3-6-9 SOFTGEL CAPSULES,Weakness when bending the knee,SCIATICA,76,REC-0103
OMEGA 3-6-9 SOFTGEL CAPSULES,An achy or heavy feeling in the legs,"VARICOSE VEINS (TWISTED, ENLARGED VEINS)",75,REC-0098
OMEGA 3-6-9 SOFTGEL CAPSULES,"Burning, throbbing, muscle cramping and swelling in the lower legs","VARICOSE VEINS (TWISTED, ENLARGED VEINS)",75,REC-0099
OMEGA 3-6-9 SOFTGEL CAPSULES,Change Skin Color around a varicose vein,"VARICOSE VEINS (TWISTED, ENLARGED VEINS)",75,REC-0102
OMEGA 3-6-9 SOFTGEL CAPSULES,Itching around one or more of the veins,"VARICOSE VEINS (TWISTED, ENLARGED VEINS)",75,REC-0101
OMEGA 3-6-9 SOFTGEL CAPSULES,Worsened pain after sitting or standing for a long time,"VARICOSE VEINS (TWISTED, ENLARGED VEINS)",75,REC-0100
ORTHOFIX OIL,Back Pain or Joints Pain,BONE & JOINT PROBLEMS,63,REC-0021
ORTHOFIX OIL,Fatigue,BONE & JOINT PROBLEMS,63,REC-0025
ORTHOFIX OIL,Inflammation & Swelling,BONE & JOINT PROBLEMS,63,REC-0023
ORTHOFIX OIL,Joint Stiffness & Noises (Crepitations),BONE & JOINT PROBLEMS,63,REC-0022
ORTHOFIX OIL,Tenderness,BONE & JOINT PROBLEMS,63,REC-0024
ORTHOFIX OIL + L-ARGININE++ (NITRIC OXIDE PRECURSOR),Abnormal or weak reflexes,SCIATICA,76,REC-0106
ORTHOFIX OIL + L-ARGININE++ (NITRIC OXIDE PRECURSOR),Difficulty bending the foot,SCIATICA,76,REC-0104
ORTHOFIX OIL + L-ARGININE++ (NITRIC OXIDE PRECURSOR),Difficulty walking on your toes,SCIATICA,76,REC-0105
ORTHOFIX OIL + L-ARGININE++ (NITRIC OXIDE PRECURSOR),Loss of sensation or numbness,SCIATICA,76,REC-0107
ORTHOFIX OIL + L-ARGININE++ (NITRIC OXIDE PRECURSOR),Pain when lifting the leg,SCIATICA,76,REC-0108
ORTHOFIX OIL + L-ARGININE++ (NITRIC OXIDE PRECURSOR),Weakness when bending the knee,SCIATICA,76,REC-0103
ORTHOFIX TABLET,Back Pain or Joints Pain,BONE & JOINT PROBLEMS,63,REC-0021
ORTHOFIX TABLET,Fatigue,BONE & JOINT PROBLEMS,63,REC-0025
ORTHOFIX TABLET,Inflammation & Swelling,BONE & JOINT PROBLEMS,63,REC-0023
ORTHOFIX TABLET,Joint Stiffness & Noises (Crepitations),BONE & JOINT PROBLEMS,63,REC-0022
ORTHOFIX TABLET,Tenderness,BONE & JOINT PROBLEMS,63,REC-0024
ORTHOFIX TABLET,Abnormal or weak reflexes,SCIATICA,76,REC-0106
ORTHOFIX TABLET,Difficulty bending the foot,SCIATICA,76,REC-0104
ORTHOFIX TABLET,Difficulty walking on your toes,SCIATICA,76,REC-0105
ORTHOFIX TABLET,Loss of sensation or numbness,SCIATICA,76,REC-0107
ORTHOFIX TABLET,Pain when lifting the leg,SCIATICA,76,REC-0108
ORTHOFIX TABLET,Weakness when bending the knee,SCIATICA,76,REC-0103
PREMIUM TULSI MAX,Difficulty in Planning and Carrying out tasks,COGNITIVE DEFICITS/BRAIN HEALTH (ADULTS),74,REC-0097
PREMIUM TULSI MAX,Disturbed Concentration,COGNITIVE DEFICITS/BRAIN HEALTH (ADULTS),74,REC-0093
PREMIUM TULSI MAX,Memory loss,COGNITIVE DEFICITS/BRAIN HEALTH (ADULTS),74,REC-0095
PREMIUM TULSI MAX,Sleeplessness,COGNITIVE DEFICITS/BRAIN HEALTH (ADULTS),74,REC-0094
PREMIUM TULSI MAX,Trouble in Exercising Judgment,COGNITIVE DEFICITS/BRAIN HEALTH (ADULTS),74,REC-0096
PREMIUM TULSI MAX,Physical Retardation,GENERAL HEALTH & WELL-BEING,60,REC-0001
PREMIUM TULSI MAX,Reduced Cognitive abilities,GENERAL HEALTH & WELL-BEING,60,REC-0002
PREMIUM TULSI MAX,Weakness OR Tiredness,GENERAL HEALTH & WELL-BEING,60,REC-0003
PREMIUM TULSI MAX,"Cough, Cold and Fever",IMMUNITY,67,REC-0048
PREMIUM TULSI MAX,Delayed Growth and Development,IMMUNITY,67,REC-0054
PREMIUM TULSI MAX,Lack of Energy,IMMUNITY,67,REC-0050
PREMIUM TULSI MAX,Loss Of Appetite,IMMUNITY,67,REC-0052
PREMIUM TULSI MAX,Nausea and Diarrhoea,IMMUNITY,67,REC-0053
PREMIUM TULSI MAX,Skin Allergies,IMMUNITY,67,REC-0051
PREMIUM TULSI MAX,Slow Healing of Wound,IMMUNITY,67,REC-0049
PREMIUM TULSI MAX,Breathlessness,RESPIRATORY HEALTH,68,REC-0059
PREMIUM TULSI MAX,"Cough, Sore Throat",RESPIRATORY HEALTH,68,REC-0058
PREMIUM TULSI MAX,Fatigue,RESPIRATORY HEALTH,68,REC-0061
PREMIUM TULSI MAX,Fever,RESPIRATORY HEALTH,68,REC-0057
PREMIUM TULSI MAX,Headache,RESPIRATORY HEALTH,68,REC-0056
PREMIUM TULSI MAX,Irritability,RESPIRATORY HEALTH,68,REC-0062
PREMIUM TULSI MAX,Pneumonia,RESPIRATORY HEALTH,68,REC-0060
PREMIUM TULSI MAX,Running Nose,RESPIRATORY HEALTH,68,REC-0055
PREMIUM TULSI MAX,Sleep Disturbances,RESPIRATORY HEALTH,68,REC-0063
PREMIUM TULSI MAX,Blocked or stuffy (congested) nose causing difficulty breathing through nose,SINUSITIS,81,REC-0145
PREMIUM TULSI MAX,Drainage down the back of the throat,SINUSITIS,81,REC-0144
PREMIUM TULSI MAX,Nasal inflammation,SINUSITIS,81,REC-0142
PREMIUM TULSI MAX,Pain,SINUSITIS,81,REC-0146
PREMIUM TULSI MAX,Reduced sense of smell and taste,SINUSITIS,81,REC-0147
PREMIUM TULSI MAX,Runny nose,SINUSITIS,81,REC-0143
PREMIUM TULSI MAX,"Acne, Psoriasis",SKIN PROBLEMS,73,REC-0092
PREMIUM TULSI MAX,Aging,SKIN PROBLEMS,73,REC-0090
PREMIUM TULSI MAX,Dry Skin,SKIN PROBLEMS,73,REC-0088
PREMIUM TULSI MAX,Photo Damage (UV Rays),SKIN PROBLEMS,73,REC-0087
PREMIUM TULSI MAX,Skin Disorders,SKIN PROBLEMS,73,REC-0091
PREMIUM TULSI MAX,Slow Wound Healing,SKIN PROBLEMS,73,REC-0089
SEA BUCKTHORN JUICE,Back Pain or Joints Pain,BONE & JOINT PROBLEMS,63,REC-0021
SEA BUCKTHORN JUICE,Fatigue,BONE & JOINT PROBLEMS,63,REC-0025
SEA BUCKTHORN JUICE,Inflammation & Swelling,BONE & JOINT PROBLEMS,63,REC-0023
SEA BUCKTHORN JUICE,Joint Stiffness & Noises (Crepitations),BONE & JOINT PROBLEMS,63,REC-0022
SEA BUCKTHORN JUICE,Tenderness,BONE & JOINT PROBLEMS,63,REC-0024
SEA BUCKTHORN JUICE,Difficulty in Planning and Carrying out tasks,COGNITIVE DEFICITS/BRAIN HEALTH (ADULTS),74,REC-0097
SEA BUCKTHORN JUICE,Disturbed Concentration,COGNITIVE DEFICITS/BRAIN HEALTH (ADULTS),74,REC-0093
SEA BUCKTHORN JUICE,Memory loss,COGNITIVE DEFICITS/BRAIN HEALTH (ADULTS),74,REC-0095
SEA BUCKTHORN JUICE,Sleeplessness,COGNITIVE DEFICITS/BRAIN HEALTH (ADULTS),74,REC-0094
SEA BUCKTHORN JUICE,Trouble in Exercising Judgment,COGNITIVE DEFICITS/BRAIN HEALTH (ADULTS),74,REC-0096
SEA BUCKTHORN JUICE,Blurred Vision,DIABETES,61,REC-0010
SEA BUCKTHORN JUICE,Extreme Hunger,DIABETES,61,REC-0008
SEA BUCKTHORN JUICE,Fatigue,DIABETES,61,REC-0009
SEA BUCKTHORN JUICE,Frequent Urination,DIABETES,61,REC-0006
SEA BUCKTHORN JUICE,Increased Thirst,DIABETES,61,REC-0005
SEA BUCKTHORN JUICE,Slow Healing Sores,DIABETES,61,REC-0011
SEA BUCKTHORN JUICE,Tingling Sensations and Numbness,DIABETES,61,REC-0012
SEA BUCKTHORN JUICE,Unexplained Weight loss,DIABETES,61,REC-0007
SEA BUCKTHORN JUICE,Abdominal Pain,DIGESTION PROBLEMS (INDIGESTION & ACIDITY),65,REC-0042
SEA BUCKTHORN JUICE,Bloating,DIGESTION PROBLEMS (INDIGESTION & ACIDITY),65,REC-0037
SEA BUCKTHORN JUICE,Constipation,DIGESTION PROBLEMS (INDIGESTION & ACIDITY),65,REC-0043
SEA BUCKTHORN JUICE,Excessive Production of Gastric Acid,DIGESTION PROBLEMS (INDIGESTION & ACIDITY),65,REC-0036
SEA BUCKTHORN JUICE,Gas,DIGESTION PROBLEMS (INDIGESTION & ACIDITY),65,REC-0038
SEA BUCKTHORN JUICE,Heartburn,DIGESTION PROBLEMS (INDIGESTION & ACIDITY),65,REC-0041
SEA BUCKTHORN JUICE,Loss of Appetite,DIGESTION PROBLEMS (INDIGESTION & ACIDITY),65,REC-0040
SEA BUCKTHORN JUICE,Vomiting,DIGESTION PROBLEMS (INDIGESTION & ACIDITY),65,REC-0039
SEA BUCKTHORN JUICE,Dementia,ELDERLY PEOPLE HEALTH,80,REC-0135
SEA BUCKTHORN JUICE,Difficult in healing physical injuries,ELDERLY PEOPLE HEALTH,80,REC-0137
SEA BUCKTHORN JUICE,Generalised Pain,ELDERLY PEOPLE HEALTH,80,REC-0141
SEA BUCKTHORN JUICE,Malnutrition,ELDERLY PEOPLE HEALTH,80,REC-0138
SEA BUCKTHORN JUICE,Mental Disorder,ELDERLY PEOPLE HEALTH,80,REC-0136
SEA BUCKTHORN JUICE,Oral Health Problems,ELDERLY PEOPLE HEALTH,80,REC-0140
SEA BUCKTHORN JUICE,Sensory Impairment,ELDERLY PEOPLE HEALTH,80,REC-0139
SEA BUCKTHORN JUICE,Allergic Conjunctivitis,EYE HEALTH,79,REC-0133
SEA BUCKTHORN JUICE,Blurred Vision,EYE HEALTH,79,REC-0132
SEA BUCKTHORN JUICE,Dry Eye,EYE HEALTH,79,REC-0127
SEA BUCKTHORN JUICE,Eye Cancer & Tumors,EYE HEALTH,79,REC-0129
SEA BUCKTHORN JUICE,Eye Floaters,EYE HEALTH,79,REC-0128
SEA BUCKTHORN JUICE,Night Blindness,EYE HEALTH,79,REC-0134
SEA BUCKTHORN JUICE,Red Eyes,EYE HEALTH,79,REC-0131
SEA BUCKTHORN JUICE,Strain in the Eyes,EYE HEALTH,79,REC-0125
SEA BUCKTHORN JUICE,Tears in the Eyes,EYE HEALTH,79,REC-0126
SEA BUCKTHORN JUICE,Tired Eyes,EYE HEALTH,79,REC-0130
SEA BUCKTHORN JUICE,Depression & Anxiety,FEMALE HEALTH (HORMONAL IMBALANCE),70,REC-0070
SEA BUCKTHORN JUICE,Hormonal Imbalance,FEMALE HEALTH (HORMONAL IMBALANCE),70,REC-0071
SEA BUCKTHORN JUICE,"Menstrual Problems (Painful periods, irregular periods, Dysfunctional uterine bleeding)",FEMALE HEALTH (HORMONAL IMBALANCE),70,REC-0069
SEA BUCKTHORN JUICE,Stress,FEMALE HEALTH (HORMONAL IMBALANCE),70,REC-0068
SEA BUCKTHORN JUICE,Chest Pain,FEMALE HEALTH (WEAKNESS),71,REC-0078
SEA BUCKTHORN JUICE,Cold Hands and Feet,FEMALE HEALTH (WEAKNESS),71,REC-0079
SEA BUCKTHORN JUICE,Dizziness or Light Headedness,FEMALE HEALTH (WEAKNESS),71,REC-0076
SEA BUCKTHORN JUICE,Fatigue,FEMALE HEALTH (WEAKNESS),71,REC-0072
SEA BUCKTHORN JUICE,Irregular Heartbeats,FEMALE HEALTH (WEAKNESS),71,REC-0074
SEA BUCKTHORN JUICE,Pale or Yellowish Skin,FEMALE HEALTH (WEAKNESS),71,REC-0073
SEA BUCKTHORN JUICE,Shortness of Breath,FEMALE HEALTH (WEAKNESS),71,REC-0075
SEA BUCKTHORN JUICE,Weakness,FEMALE HEALTH (WEAKNESS),71,REC-0077
SEA BUCKTHORN JUICE,Physical Retardation,GENERAL HEALTH & WELL-BEING,60,REC-0001
SEA BUCKTHORN JUICE,Reduced Cognitive abilities,GENERAL HEALTH & WELL-BEING,60,REC-0002
SEA BUCKTHORN JUICE,Weakness OR Tiredness,GENERAL HEALTH & WELL-BEING,60,REC-0003
SEA BUCKTHORN JUICE,Poor Hair Health,HAIR/NAIL HEALTH,83,REC-0157
SEA BUCKTHORN JUICE,Poor Nail Health,HAIR/NAIL HEALTH,83,REC-0158
SEA BUCKTHORN JUICE,Depression or anxiety,HEALTHY SLEEP,82,REC-0152
SEA BUCKTHORN JUICE,Difficulty falling asleep at night,HEALTHY SLEEP,82,REC-0148
SEA BUCKTHORN JUICE,Difficulty paying attention,HEALTHY SLEEP,82,REC-0153
SEA BUCKTHORN JUICE,Focusing on tasks or remembering,HEALTHY SLEEP,82,REC-0154
SEA BUCKTHORN JUICE,Increased errors or accidents,HEALTHY SLEEP,82,REC-0155
SEA BUCKTHORN JUICE,Ongoing worries about sleep,HEALTHY SLEEP,82,REC-0156
SEA BUCKTHORN JUICE,Sleep Daytime tiredness,HEALTHY SLEEP,82,REC-0151
SEA BUCKTHORN JUICE,Waking up during the night,HEALTHY SLEEP,82,REC-0149
SEA BUCKTHORN JUICE,Waking up too early,HEALTHY SLEEP,82,REC-0150
SEA BUCKTHORN JUICE,Abnormal Heart Rhythms,HEART DISEASES,62,REC-0013
SEA BUCKTHORN JUICE,Chest Pain,HEART DISEASES,62,REC-0015
SEA BUCKTHORN JUICE,Dizziness or Fainting,HEART DISEASES,62,REC-0019
SEA BUCKTHORN JUICE,Fatigue,HEART DISEASES,62,REC-0018
SEA BUCKTHORN JUICE,High Blood Pressure,HEART DISEASES,62,REC-0014
SEA BUCKTHORN JUICE,Palpitations,HEART DISEASES,62,REC-0020
SEA BUCKTHORN JUICE,Shortness of Breath,HEART DISEASES,62,REC-0016
SEA BUCKTHORN JUICE,Swollen Ankles,HEART DISEASES,62,REC-0017
SEA BUCKTHORN JUICE,"Cough, Cold and Fever",IMMUNITY,67,REC-0048
SEA BUCKTHORN JUICE,Delayed Growth and Development,IMMUNITY,67,REC-0054
SEA BUCKTHORN JUICE,Lack of Energy,IMMUNITY,67,REC-0050
SEA BUCKTHORN JUICE,Loss Of Appetite,IMMUNITY,67,REC-0052
SEA BUCKTHORN JUICE,Nausea and Diarrhoea,IMMUNITY,67,REC-0053
SEA BUCKTHORN JUICE,Skin Allergies,IMMUNITY,67,REC-0051
SEA BUCKTHORN JUICE,Slow Healing of Wound,IMMUNITY,67,REC-0049
SEA BUCKTHORN JUICE,Burning Urination,"KIDNEY DISORDERS LIKE STONE, URIC ACID & UTI",77,REC-0116
SEA BUCKTHORN JUICE,Excessive drowsiness,"KIDNEY DISORDERS LIKE STONE, URIC ACID & UTI",77,REC-0111
SEA BUCKTHORN JUICE,Frequent Urination,"KIDNEY DISORDERS LIKE STONE, URIC ACID & UTI",77,REC-0115
SEA BUCKTHORN JUICE,Pain or pressure in your chest,"KIDNEY DISORDERS LIKE STONE, URIC ACID & UTI",77,REC-0114
SEA BUCKTHORN JUICE,Persistent nausea,"KIDNEY DISORDERS LIKE STONE, URIC ACID & UTI",77,REC-0113
SEA BUCKTHORN JUICE,Reduced amount of urine,"KIDNEY DISORDERS LIKE STONE, URIC ACID & UTI",77,REC-0109
SEA BUCKTHORN JUICE,Shortness of breath,"KIDNEY DISORDERS LIKE STONE, URIC ACID & UTI",77,REC-0112
SEA BUCKTHORN JUICE,Swelling in legs ankles and feet from retention of fluids,"KIDNEY DISORDERS LIKE STONE, URIC ACID & UTI",77,REC-0110
SEA BUCKTHORN JUICE,Continuous Fatigue,LIVER DISEASES,64,REC-0032
SEA BUCKTHORN JUICE,Dark Urine,LIVER DISEASES,64,REC-0027
SEA BUCKTHORN JUICE,Decreased Appetite,LIVER DISEASES,64,REC-0031
SEA BUCKTHORN JUICE,Easy Bruising,LIVER DISEASES,64,REC-0034
SEA BUCKTHORN JUICE,Indigestion,LIVER DISEASES,64,REC-0035
SEA BUCKTHORN JUICE,Itchy Skin,LIVER DISEASES,64,REC-0033
SEA BUCKTHORN JUICE,Nausea/Vomiting,LIVER DISEASES,64,REC-0030
SEA BUCKTHORN JUICE,"Pale, Bloody, or Black Stool",LIVER DISEASES,64,REC-0028
SEA BUCKTHORN JUICE,"Swollen Ankles, Legs or Abdomen",LIVER DISEASES,64,REC-0029
SEA BUCKTHORN JUICE,Yellow Skin and Eyes,LIVER DISEASES,64,REC-0026
SEA BUCKTHORN JUICE,Erectile Dysfunction,MALE HEALTH ISSUES,69,REC-0065
SEA BUCKTHORN JUICE,Hypoactive Sexual Desire Disorder,MALE HEALTH ISSUES,69,REC-0064
SEA BUCKTHORN JUICE,Lack of libido,MALE HEALTH ISSUES,69,REC-0067
SEA BUCKTHORN JUICE,Premature Ejaculation,MALE HEALTH ISSUES,69,REC-0066
SEA BUCKTHORN JUICE,Bright Red Blood in Stools an Itchy Anus,PILES/FISSURE,66,REC-0044
SEA BUCKTHORN JUICE,Feeling Like You Still Need To Poo After going to the Toilet,PILES/FISSURE,66,REC-0045
SEA BUCKTHORN JUICE,Pain Around Your Anus,PILES/FISSURE,66,REC-0047
SEA BUCKTHORN JUICE,Slimy mucus in your underwear or on Toilet Paper After Wiping your bottom,PILES/FISSURE,66,REC-0046
SEA BUCKTHORN JUICE,Breathlessness,RESPIRATORY HEALTH,68,REC-0059
SEA BUCKTHORN JUICE,"Cough, Sore Throat",RESPIRATORY HEALTH,68,REC-0058
SEA BUCKTHORN JUICE,Fatigue,RESPIRATORY HEALTH,68,REC-0061
SEA BUCKTHORN JUICE,Fever,RESPIRATORY HEALTH,68,REC-0057
SEA BUCKTHORN JUICE,Headache,RESPIRATORY HEALTH,68,REC-0056
SEA BUCKTHORN JUICE,Irritability,RESPIRATORY HEALTH,68,REC-0062
SEA BUCKTHORN JUICE,Pneumonia,RESPIRATORY HEALTH,68,REC-0060
SEA BUCKTHORN JUICE,Running Nose,RESPIRATORY HEALTH,68,REC-0055
SEA BUCKTHORN JUICE,Sleep Disturbances,RESPIRATORY HEALTH,68,REC-0063
SEA BUCKTHORN JUICE,Abnormal or weak reflexes,SCIATICA,76,REC-0106
SEA BUCKTHORN JUICE,Difficulty bending the foot,SCIATICA,76,REC-0104
SEA BUCKTHORN JUICE,Difficulty walking on your toes,SCIATICA,76,REC-0105
SEA BUCKTHORN JUICE,Loss of sensation or numbness,SCIATICA,76,REC-0107
SEA BUCKTHORN JUICE,Pain when lifting the leg,SCIATICA,76,REC-0108
SEA BUCKTHORN JUICE,Weakness when bending the knee,SCIATICA,76,REC-0103
SEA BUCKTHORN JUICE,Blocked or stuffy (congested) nose causing difficulty breathing through nose,SINUSITIS,81,REC-0145
SEA BUCKTHORN JUICE,Drainage down the back of the throat,SINUSITIS,81,REC-0144
SEA BUCKTHORN JUICE,Nasal inflammation,SINUSITIS,81,REC-0142
SEA BUCKTHORN JUICE,Pain,SINUSITIS,81,REC-0146
SEA BUCKTHORN JUICE,Reduced sense of smell and taste,SINUSITIS,81,REC-0147
SEA BUCKTHORN JUICE,Runny nose,SINUSITIS,81,REC-0143
SEA BUCKTHORN JUICE,"Acne, Psoriasis",SKIN PROBLEMS,73,REC-0092
SEA BUCKTHORN JUICE,Aging,SKIN PROBLEMS,73,REC-0090
SEA BUCKTHORN JUICE,Dry Skin,SKIN PROBLEMS,73,REC-0088
SEA BUCKTHORN JUICE,Photo Damage (UV Rays),SKIN PROBLEMS,73,REC-0087
SEA BUCKTHORN JUICE,Skin Disorders,SKIN PROBLEMS,73,REC-0091
SEA BUCKTHORN JUICE,Slow Wound Healing,SKIN PROBLEMS,73,REC-0089
SEA BUCKTHORN JUICE,Anxiety,THYROID PREFERABLY (HYPOTHYROIDISM),78,REC-0117
SEA BUCKTHORN JUICE,Difficulty concentrating,THYROID PREFERABLY (HYPOTHYROIDISM),78,REC-0118
SEA BUCKTHORN JUICE,Disturbed bowel movements,THYROID PREFERABLY (HYPOTHYROIDISM),78,REC-0120
SEA BUCKTHORN JUICE,Fatigue,THYROID PREFERABLY (HYPOTHYROIDISM),78,REC-0119
SEA BUCKTHORN JUICE,Hair loss,THYROID PREFERABLY (HYPOTHYROIDISM),78,REC-0122
SEA BUCKTHORN JUICE,Hand tremor,THYROID PREFERABLY (HYPOTHYROIDISM),78,REC-0123
SEA BUCKTHORN JUICE,Heat intolerance,THYROID PREFERABLY (HYPOTHYROIDISM),78,REC-0124
SEA BUCKTHORN JUICE,Weight Gain,THYROID PREFERABLY (HYPOTHYROIDISM),78,REC-0121
SEA BUCKTHORN JUICE,An achy or heavy feeling in the legs,"VARICOSE VEINS (TWISTED, ENLARGED VEINS)",75,REC-0098
SEA BUCKTHORN JUICE,"Burning, throbbing, muscle cramping and swelling in the lower legs","VARICOSE VEINS (TWISTED, ENLARGED VEINS)",75,REC-0099
SEA BUCKTHORN JUICE,Change Skin Color around a varicose vein,"VARICOSE VEINS (TWISTED, ENLARGED VEINS)",75,REC-0102
SEA BUCKTHORN JUICE,Itching around one or more of the veins,"VARICOSE VEINS (TWISTED, ENLARGED VEINS)",75,REC-0101
SEA BUCKTHORN JUICE,Worsened pain after sitting or standing for a long time,"VARICOSE VEINS (TWISTED, ENLARGED VEINS)",75,REC-0100
SEA BUCKTHORN JUICE,Changes in Vision,WEIGHT MANAGEMENT,72,REC-0085
SEA BUCKTHORN JUICE,Difficulty in Breathing,WEIGHT MANAGEMENT,72,REC-0082
SEA BUCKTHORN JUICE,Heart Palpitations,WEIGHT MANAGEMENT,72,REC-0083
SEA BUCKTHORN JUICE,Rapid Weight Gain,WEIGHT MANAGEMENT,72,REC-0086
SEA BUCKTHORN JUICE,Shortness of Breath,WEIGHT MANAGEMENT,72,REC-0081
SEA BUCKTHORN JUICE,Skin Sensitivity,WEIGHT MANAGEMENT,72,REC-0080
SEA BUCKTHORN JUICE,Sweating,WEIGHT MANAGEMENT,72,REC-0084
SUPER FOOD CAPSULE,Back Pain or Joints Pain,BONE & JOINT PROBLEMS,63,REC-0021
SUPER FOOD CAPSULE,Fatigue,BONE & JOINT PROBLEMS,63,REC-0025
SUPER FOOD CAPSULE,Inflammation & Swelling,BONE & JOINT PROBLEMS,63,REC-0023
SUPER FOOD CAPSULE,Joint Stiffness & Noises (Crepitations),BONE & JOINT PROBLEMS,63,REC-0022
SUPER FOOD CAPSULE,Tenderness,BONE & JOINT PROBLEMS,63,REC-0024
SUPER FOOD CAPSULE,Difficulty in Planning and Carrying out tasks,COGNITIVE DEFICITS/BRAIN HEALTH (ADULTS),74,REC-0097
SUPER FOOD CAPSULE,Disturbed Concentration,COGNITIVE DEFICITS/BRAIN HEALTH (ADULTS),74,REC-0093
SUPER FOOD CAPSULE,Memory loss,COGNITIVE DEFICITS/BRAIN HEALTH (ADULTS),74,REC-0095
SUPER FOOD CAPSULE,Sleeplessness,COGNITIVE DEFICITS/BRAIN HEALTH (ADULTS),74,REC-0094
SUPER FOOD CAPSULE,Trouble in Exercising Judgment,COGNITIVE DEFICITS/BRAIN HEALTH (ADULTS),74,REC-0096
SUPER FOOD CAPSULE,Blurred Vision,DIABETES,61,REC-0010
SUPER FOOD CAPSULE,Extreme Hunger,DIABETES,61,REC-0008
SUPER FOOD CAPSULE,Fatigue,DIABETES,61,REC-0009
SUPER FOOD CAPSULE,Frequent Urination,DIABETES,61,REC-0006
SUPER FOOD CAPSULE,Increased Thirst,DIABETES,61,REC-0005
SUPER FOOD CAPSULE,Slow Healing Sores,DIABETES,61,REC-0011
SUPER FOOD CAPSULE,Tingling Sensations and Numbness,DIABETES,61,REC-0012
SUPER FOOD CAPSULE,Unexplained Weight loss,DIABETES,61,REC-0007
SUPER FOOD CAPSULE,Dementia,ELDERLY PEOPLE HEALTH,80,REC-0135
SUPER FOOD CAPSULE,Difficult in healing physical injuries,ELDERLY PEOPLE HEALTH,80,REC-0137
SUPER FOOD CAPSULE,Generalised Pain,ELDERLY PEOPLE HEALTH,80,REC-0141
SUPER FOOD CAPSULE,Malnutrition,ELDERLY PEOPLE HEALTH,80,REC-0138
SUPER FOOD CAPSULE,Mental Disorder,ELDERLY PEOPLE HEALTH,80,REC-0136
SUPER FOOD CAPSULE,Oral Health Problems,ELDERLY PEOPLE HEALTH,80,REC-0140
SUPER FOOD CAPSULE,Sensory Impairment,ELDERLY PEOPLE HEALTH,80,REC-0139
SUPER FOOD CAPSULE,Allergic Conjunctivitis,EYE HEALTH,79,REC-0133
SUPER FOOD CAPSULE,Blurred Vision,EYE HEALTH,79,REC-0132
SUPER FOOD CAPSULE,Dry Eye,EYE HEALTH,79,REC-0127
SUPER FOOD CAPSULE,Eye Cancer & Tumors,EYE HEALTH,79,REC-0129
SUPER FOOD CAPSULE,Eye Floaters,EYE HEALTH,79,REC-0128
SUPER FOOD CAPSULE,Night Blindness,EYE HEALTH,79,REC-0134
SUPER FOOD CAPSULE,Red Eyes,EYE HEALTH,79,REC-0131
SUPER FOOD CAPSULE,Strain in the Eyes,EYE HEALTH,79,REC-0125
SUPER FOOD CAPSULE,Tears in the Eyes,EYE HEALTH,79,REC-0126
SUPER FOOD CAPSULE,Tired Eyes,EYE HEALTH,79,REC-0130
SUPER FOOD CAPSULE,Depression & Anxiety,FEMALE HEALTH (HORMONAL IMBALANCE),70,REC-0070
SUPER FOOD CAPSULE,Hormonal Imbalance,FEMALE HEALTH (HORMONAL IMBALANCE),70,REC-0071
SUPER FOOD CAPSULE,"Menstrual Problems (Painful periods, irregular periods, Dysfunctional uterine bleeding)",FEMALE HEALTH (HORMONAL IMBALANCE),70,REC-0069
SUPER FOOD CAPSULE,Stress,FEMALE HEALTH (HORMONAL IMBALANCE),70,REC-0068
SUPER FOOD CAPSULE,Physical Retardation,GENERAL HEALTH & WELL-BEING,60,REC-0001
SUPER FOOD CAPSULE,Reduced Cognitive abilities,GENERAL HEALTH & WELL-BEING,60,REC-0002
SUPER FOOD CAPSULE,Weakness OR Tiredness,GENERAL HEALTH & WELL-BEING,60,REC-0003
SUPER FOOD CAPSULE,Depression or anxiety,HEALTHY SLEEP,82,REC-0152
SUPER FOOD CAPSULE,Difficulty falling asleep at night,HEALTHY SLEEP,82,REC-0148
SUPER FOOD CAPSULE,Difficulty paying attention,HEALTHY SLEEP,82,REC-0153
SUPER FOOD CAPSULE,Focusing on tasks or remembering,HEALTHY SLEEP,82,REC-0154
SUPER FOOD CAPSULE,Increased errors or accidents,HEALTHY SLEEP,82,REC-0155
SUPER FOOD CAPSULE,Ongoing worries about sleep,HEALTHY SLEEP,82,REC-0156
SUPER FOOD CAPSULE,Sleep Daytime tiredness,HEALTHY SLEEP,82,REC-0151
SUPER FOOD CAPSULE,Waking up during the night,HEALTHY SLEEP,82,REC-0149
SUPER FOOD CAPSULE,Waking up too early,HEALTHY SLEEP,82,REC-0150
SUPER FOOD CAPSULE,Abnormal Heart Rhythms,HEART DISEASES,62,REC-0013
SUPER FOOD CAPSULE,Chest Pain,HEART DISEASES,62,REC-0015
SUPER FOOD CAPSULE,Dizziness or Fainting,HEART DISEASES,62,REC-0019
SUPER FOOD CAPSULE,Fatigue,HEART DISEASES,62,REC-0018
SUPER FOOD CAPSULE,High Blood Pressure,HEART DISEASES,62,REC-0014
SUPER FOOD CAPSULE,Palpitations,HEART DISEASES,62,REC-0020
SUPER FOOD CAPSULE,Shortness of Breath,HEART DISEASES,62,REC-0016
SUPER FOOD CAPSULE,Swollen Ankles,HEART DISEASES,62,REC-0017
SUPER FOOD CAPSULE,"Cough, Cold and Fever",IMMUNITY,67,REC-0048
SUPER FOOD CAPSULE,Delayed Growth and Development,IMMUNITY,67,REC-0054
SUPER FOOD CAPSULE,Lack of Energy,IMMUNITY,67,REC-0050
SUPER FOOD CAPSULE,Loss Of Appetite,IMMUNITY,67,REC-0052
SUPER FOOD CAPSULE,Nausea and Diarrhoea,IMMUNITY,67,REC-0053
SUPER FOOD CAPSULE,Skin Allergies,IMMUNITY,67,REC-0051
SUPER FOOD CAPSULE,Slow Healing of Wound,IMMUNITY,67,REC-0049
SUPER FOOD CAPSULE,Burning Urination,"KIDNEY DISORDERS LIKE STONE, URIC ACID & UTI",77,REC-0116
SUPER FOOD CAPSULE,Excessive drowsiness,"KIDNEY DISORDERS LIKE STONE, URIC ACID & UTI",77,REC-0111
SUPER FOOD CAPSULE,Frequent Urination,"KIDNEY DISORDERS LIKE STONE, URIC ACID & UTI",77,REC-0115
SUPER FOOD CAPSULE,Pain or pressure in your chest,"KIDNEY DISORDERS LIKE STONE, URIC ACID & UTI",77,REC-0114
SUPER FOOD CAPSULE,Persistent nausea,"KIDNEY DISORDERS LIKE STONE, URIC ACID & UTI",77,REC-0113
SUPER FOOD CAPSULE,Reduced amount of urine,"KIDNEY DISORDERS LIKE STONE, URIC ACID & UTI",77,REC-0109
SUPER FOOD CAPSULE,Shortness of breath,"KIDNEY DISORDERS LIKE STONE, URIC ACID & UTI",77,REC-0112
SUPER FOOD CAPSULE,Swelling in legs ankles and feet from retention of fluids,"KIDNEY DISORDERS LIKE STONE, URIC ACID & UTI",77,REC-0110
SUPER FOOD CAPSULE,Erectile Dysfunction,MALE HEALTH ISSUES,69,REC-0065
SUPER FOOD CAPSULE,Hypoactive Sexual Desire Disorder,MALE HEALTH ISSUES,69,REC-0064
SUPER FOOD CAPSULE,Lack of libido,MALE HEALTH ISSUES,69,REC-0067
SUPER FOOD CAPSULE,Premature Ejaculation,MALE HEALTH ISSUES,69,REC-0066
SUPER FOOD CAPSULE,Breathlessness,RESPIRATORY HEALTH,68,REC-0059
SUPER FOOD CAPSULE,"Cough, Sore Throat",RESPIRATORY HEALTH,68,REC-0058
SUPER FOOD CAPSULE,Fatigue,RESPIRATORY HEALTH,68,REC-0061
SUPER FOOD CAPSULE,Fever,RESPIRATORY HEALTH,68,REC-0057
SUPER FOOD CAPSULE,Headache,RESPIRATORY HEALTH,68,REC-0056
SUPER FOOD CAPSULE,Irritability,RESPIRATORY HEALTH,68,REC-0062
SUPER FOOD CAPSULE,Pneumonia,RESPIRATORY HEALTH,68,REC-0060
SUPER FOOD CAPSULE,Running Nose,RESPIRATORY HEALTH,68,REC-0055
SUPER FOOD CAPSULE,Sleep Disturbances,RESPIRATORY HEALTH,68,REC-0063
SUPER FOOD CAPSULE,Abnormal or weak reflexes,SCIATICA,76,REC-0106
SUPER FOOD CAPSULE,Difficulty bending the foot,SCIATICA,76,REC-0104
SUPER FOOD CAPSULE,Difficulty walking on your toes,SCIATICA,76,REC-0105
SUPER FOOD CAPSULE,Loss of sensation or numbness,SCIATICA,76,REC-0107
SUPER FOOD CAPSULE,Pain when lifting the leg,SCIATICA,76,REC-0108
SUPER FOOD CAPSULE,Weakness when bending the knee,SCIATICA,76,REC-0103
SUPER FOOD CAPSULE,Blocked or stuffy (congested) nose causing difficulty breathing through nose,SINUSITIS,81,REC-0145
SUPER FOOD CAPSULE,Drainage down the back of the throat,SINUSITIS,81,REC-0144
SUPER FOOD CAPSULE,Nasal inflammation,SINUSITIS,81,REC-0142
SUPER FOOD CAPSULE,Pain,SINUSITIS,81,REC-0146
SUPER FOOD CAPSULE,Reduced sense of smell and taste,SINUSITIS,81,REC-0147
SUPER FOOD CAPSULE,Runny nose,SINUSITIS,81,REC-0143
SUPER FOOD CAPSULE,"Acne, Psoriasis",SKIN PROBLEMS,73,REC-0092
SUPER FOOD CAPSULE,Aging,SKIN PROBLEMS,73,REC-0090
SUPER FOOD CAPSULE,Dry Skin,SKIN PROBLEMS,73,REC-0088
SUPER FOOD CAPSULE,Photo Damage (UV Rays),SKIN PROBLEMS,73,REC-0087
SUPER FOOD CAPSULE,Skin Disorders,SKIN PROBLEMS,73,REC-0091
SUPER FOOD CAPSULE,Slow Wound Healing,SKIN PROBLEMS,73,REC-0089
SUPER FOOD CAPSULE,Anxiety,THYROID PREFERABLY (HYPOTHYROIDISM),78,REC-0117
SUPER FOOD CAPSULE,Difficulty concentrating,THYROID PREFERABLY (HYPOTHYROIDISM),78,REC-0118
SUPER FOOD CAPSULE,Disturbed bowel movements,THYROID PREFERABLY (HYPOTHYROIDISM),78,REC-0120
SUPER FOOD CAPSULE,Fatigue,THYROID PREFERABLY (HYPOTHYROIDISM),78,REC-0119
SUPER FOOD CAPSULE,Hair loss,THYROID PREFERABLY (HYPOTHYROIDISM),78,REC-0122
SUPER FOOD CAPSULE,Hand tremor,THYROID PREFERABLY (HYPOTHYROIDISM),78,REC-0123
SUPER FOOD CAPSULE,Heat intolerance,THYROID PREFERABLY (HYPOTHYROIDISM),78,REC-0124
SUPER FOOD CAPSULE,Weight Gain,THYROID PREFERABLY (HYPOTHYROIDISM),78,REC-0121
SUPER FOOD CAPSULE,An achy or heavy feeling in the legs,"VARICOSE VEINS (TWISTED, ENLARGED VEINS)",75,REC-0098
SUPER FOOD CAPSULE,"Burning, throbbing, muscle cramping and swelling in the lower legs","VARICOSE VEINS (TWISTED, ENLARGED VEINS)",75,REC-0099
SUPER FOOD CAPSULE,Change Skin Color around a varicose vein,"VARICOSE VEINS (TWISTED, ENLARGED VEINS)",75,REC-0102
SUPER FOOD CAPSULE,Itching around one or more of the veins,"VARICOSE VEINS (TWISTED, ENLARGED VEINS)",75,REC-0101
SUPER FOOD CAPSULE,Worsened pain after sitting or standing for a long time,"VARICOSE VEINS (TWISTED, ENLARGED VEINS)",75,REC-0100
SUPER FOOD CAPSULE,Changes in Vision,WEIGHT MANAGEMENT,72,REC-0085
SUPER FOOD CAPSULE,Difficulty in Breathing,WEIGHT MANAGEMENT,72,REC-0082
SUPER FOOD CAPSULE,Heart Palpitations,WEIGHT MANAGEMENT,72,REC-0083
SUPER FOOD CAPSULE,Rapid Weight Gain,WEIGHT MANAGEMENT,72,REC-0086
SUPER FOOD CAPSULE,Shortness of Breath,WEIGHT MANAGEMENT,72,REC-0081
SUPER FOOD CAPSULE,Skin Sensitivity,WEIGHT MANAGEMENT,72,REC-0080
SUPER FOOD CAPSULE,Sweating,WEIGHT MANAGEMENT,72,REC-0084
SUPER FOOD CAPSULE + BR RICH OIL,Poor Hair Health,HAIR/NAIL HEALTH,83,REC-0157
SUPER FOOD CAPSULE + BR RICH OIL,Poor Nail Health,HAIR/NAIL HEALTH,83,REC-0158
SUPER FOOD CAPSULE + OMEGA 3-6-9 SOFTGEL CAPSULES,Chest Pain,FEMALE HEALTH (WEAKNESS),71,REC-0078
SUPER FOOD CAPSULE + OMEGA 3-6-9 SOFTGEL CAPSULES,Cold Hands and Feet,FEMALE HEALTH (WEAKNESS),71,REC-0079
SUPER FOOD CAPSULE + OMEGA 3-6-9 SOFTGEL CAPSULES,Dizziness or Light Headedness,FEMALE HEALTH (WEAKNESS),71,REC-0076
SUPER FOOD CAPSULE + OMEGA 3-6-9 SOFTGEL CAPSULES,Fatigue,FEMALE HEALTH (WEAKNESS),71,REC-0072
SUPER FOOD CAPSULE + OMEGA 3-6-9 SOFTGEL CAPSULES,Irregular Heartbeats,FEMALE HEALTH (WEAKNESS),71,REC-0074
SUPER FOOD CAPSULE + OMEGA 3-6-9 SOFTGEL CAPSULES,Pale or Yellowish Skin,FEMALE HEALTH (WEAKNESS),71,REC-0073
SUPER FOOD CAPSULE + OMEGA 3-6-9 SOFTGEL CAPSULES,Shortness of Breath,FEMALE HEALTH (WEAKNESS),71,REC-0075
SUPER FOOD CAPSULE + OMEGA 3-6-9 SOFTGEL CAPSULES,Weakness,FEMALE HEALTH (WEAKNESS),71,REC-0077
SUPER RICH BERRY JUICE,Difficulty in Planning and Carrying out tasks,COGNITIVE DEFICITS/BRAIN HEALTH (ADULTS),74,REC-0097
SUPER RICH BERRY JUICE,Disturbed Concentration,COGNITIVE DEFICITS/BRAIN HEALTH (ADULTS),74,REC-0093
SUPER RICH BERRY JUICE,Memory loss,COGNITIVE DEFICITS/BRAIN HEALTH (ADULTS),74,REC-0095
SUPER RICH BERRY JUICE,Sleeplessness,COGNITIVE DEFICITS/BRAIN HEALTH (ADULTS),74,REC-0094
SUPER RICH BERRY JUICE,Trouble in Exercising Judgment,COGNITIVE DEFICITS/BRAIN HEALTH (ADULTS),74,REC-0096
SUPER RICH BERRY JUICE,Abdominal Pain,DIGESTION PROBLEMS (INDIGESTION & ACIDITY),65,REC-0042
SUPER RICH BERRY JUICE,Bloating,DIGESTION PROBLEMS (INDIGESTION & ACIDITY),65,REC-0037
SUPER RICH BERRY JUICE,Constipation,DIGESTION PROBLEMS (INDIGESTION & ACIDITY),65,REC-0043
SUPER RICH BERRY JUICE,Excessive Production of Gastric Acid,DIGESTION PROBLEMS (INDIGESTION & ACIDITY),65,REC-0036
SUPER RICH BERRY JUICE,Gas,DIGESTION PROBLEMS (INDIGESTION & ACIDITY),65,REC-0038
SUPER RICH BERRY JUICE,Heartburn,DIGESTION PROBLEMS (INDIGESTION & ACIDITY),65,REC-0041
SUPER RICH BERRY JUICE,Loss of Appetite,DIGESTION PROBLEMS (INDIGESTION & ACIDITY),65,REC-0040
SUPER RICH BERRY JUICE,Vomiting,DIGESTION PROBLEMS (INDIGESTION & ACIDITY),65,REC-0039
SUPER RICH BERRY JUICE,Dementia,ELDERLY PEOPLE HEALTH,80,REC-0135
SUPER RICH BERRY JUICE,Difficult in healing physical injuries,ELDERLY PEOPLE HEALTH,80,REC-0137
SUPER RICH BERRY JUICE,Generalised Pain,ELDERLY PEOPLE HEALTH,80,REC-0141
SUPER RICH BERRY JUICE,Malnutrition,ELDERLY PEOPLE HEALTH,80,REC-0138
SUPER RICH BERRY JUICE,Mental Disorder,ELDERLY PEOPLE HEALTH,80,REC-0136
SUPER RICH BERRY JUICE,Oral Health Problems,ELDERLY PEOPLE HEALTH,80,REC-0140
SUPER RICH BERRY JUICE,Sensory Impairment,ELDERLY PEOPLE HEALTH,80,REC-0139
SUPER RICH BERRY JUICE,Allergic Conjunctivitis,EYE HEALTH,79,REC-0133
SUPER RICH BERRY JUICE,Blurred Vision,EYE HEALTH,79,REC-0132
SUPER RICH BERRY JUICE,Dry Eye,EYE HEALTH,79,REC-0127
SUPER RICH BERRY JUICE,Eye Cancer & Tumors,EYE HEALTH,79,REC-0129
SUPER RICH BERRY JUICE,Eye Floaters,EYE HEALTH,79,REC-0128
SUPER RICH BERRY JUICE,Night Blindness,EYE HEALTH,79,REC-0134
SUPER RICH BERRY JUICE,Red Eyes,EYE HEALTH,79,REC-0131
SUPER RICH BERRY JUICE,Strain in the Eyes,EYE HEALTH,79,REC-0125
SUPER RICH BERRY JUICE,Tears in the Eyes,EYE HEALTH,79,REC-0126
SUPER RICH BERRY JUICE,Tired Eyes,EYE HEALTH,79,REC-0130
SUPER RICH BERRY JUICE,Depression & Anxiety,FEMALE HEALTH (HORMONAL IMBALANCE),70,REC-0070
SUPER RICH BERRY JUICE,Hormonal Imbalance,FEMALE HEALTH (HORMONAL IMBALANCE),70,REC-0071
SUPER RICH BERRY JUICE,"Menstrual Problems (Painful periods, irregular periods, Dysfunctional uterine bleeding)",FEMALE HEALTH (HORMONAL IMBALANCE),70,REC-0069
SUPER RICH BERRY JUICE,Stress,FEMALE HEALTH (HORMONAL IMBALANCE),70,REC-0068
SUPER RICH BERRY JUICE,Chest Pain,FEMALE HEALTH (WEAKNESS),71,REC-0078
SUPER RICH BERRY JUICE,Cold Hands and Feet,FEMALE HEALTH (WEAKNESS),71,REC-0079
SUPER RICH BERRY JUICE,Dizziness or Light Headedness,FEMALE HEALTH (WEAKNESS),71,REC-0076
SUPER RICH BERRY JUICE,Fatigue,FEMALE HEALTH (WEAKNESS),71,REC-0072
SUPER RICH BERRY JUICE,Irregular Heartbeats,FEMALE HEALTH (WEAKNESS),71,REC-0074
SUPER RICH BERRY JUICE,Pale or Yellowish Skin,FEMALE HEALTH (WEAKNESS),71,REC-0073
SUPER RICH BERRY JUICE,Shortness of Breath,FEMALE HEALTH (WEAKNESS),71,REC-0075
SUPER RICH BERRY JUICE,Weakness,FEMALE HEALTH (WEAKNESS),71,REC-0077
SUPER RICH BERRY JUICE,Physical Retardation,GENERAL HEALTH & WELL-BEING,60,REC-0001
SUPER RICH BERRY JUICE,Reduced Cognitive abilities,GENERAL HEALTH & WELL-BEING,60,REC-0002
SUPER RICH BERRY JUICE,Weakness OR Tiredness,GENERAL HEALTH & WELL-BEING,60,REC-0003
SUPER RICH BERRY JUICE,Poor Hair Health,HAIR/NAIL HEALTH,83,REC-0157
SUPER RICH BERRY JUICE,Poor Nail Health,HAIR/NAIL HEALTH,83,REC-0158
SUPER RICH BERRY JUICE,Depression or anxiety,HEALTHY SLEEP,82,REC-0152
SUPER RICH BERRY JUICE,Difficulty falling asleep at night,HEALTHY SLEEP,82,REC-0148
SUPER RICH BERRY JUICE,Difficulty paying attention,HEALTHY SLEEP,82,REC-0153
SUPER RICH BERRY JUICE,Focusing on tasks or remembering,HEALTHY SLEEP,82,REC-0154
SUPER RICH BERRY JUICE,Increased errors or accidents,HEALTHY SLEEP,82,REC-0155
SUPER RICH BERRY JUICE,Ongoing worries about sleep,HEALTHY SLEEP,82,REC-0156
SUPER RICH BERRY JUICE,Sleep Daytime tiredness,HEALTHY SLEEP,82,REC-0151
SUPER RICH BERRY JUICE,Waking up during the night,HEALTHY SLEEP,82,REC-0149
SUPER RICH BERRY JUICE,Waking up too early,HEALTHY SLEEP,82,REC-0150
SUPER RICH BERRY JUICE,Abnormal Heart Rhythms,HEART DISEASES,62,REC-0013
SUPER RICH BERRY JUICE,Chest Pain,HEART DISEASES,62,REC-0015
SUPER RICH BERRY JUICE,Dizziness or Fainting,HEART DISEASES,62,REC-0019
SUPER RICH BERRY JUICE,Fatigue,HEART DISEASES,62,REC-0018
SUPER RICH BERRY JUICE,High Blood Pressure,HEART DISEASES,62,REC-0014
SUPER RICH BERRY JUICE,Palpitations,HEART DISEASES,62,REC-0020
SUPER RICH BERRY JUICE,Shortness of Breath,HEART DISEASES,62,REC-0016
SUPER RICH BERRY JUICE,Swollen Ankles,HEART DISEASES,62,REC-0017
SUPER RICH BERRY JUICE,"Cough, Cold and Fever",IMMUNITY,67,REC-0048
SUPER RICH BERRY JUICE,Delayed Growth and Development,IMMUNITY,67,REC-0054
SUPER RICH BERRY JUICE,Lack of Energy,IMMUNITY,67,REC-0050
SUPER RICH BERRY JUICE,Loss Of Appetite,IMMUNITY,67,REC-0052
SUPER RICH BERRY JUICE,Nausea and Diarrhoea,IMMUNITY,67,REC-0053
SUPER RICH BERRY JUICE,Skin Allergies,IMMUNITY,67,REC-0051
SUPER RICH BERRY JUICE,Slow Healing of Wound,IMMUNITY,67,REC-0049
SUPER RICH BERRY JUICE,Burning Urination,"KIDNEY DISORDERS LIKE STONE, URIC ACID & UTI",77,REC-0116
SUPER RICH BERRY JUICE,Excessive drowsiness,"KIDNEY DISORDERS LIKE STONE, URIC ACID & UTI",77,REC-0111
SUPER RICH BERRY JUICE,Frequent Urination,"KIDNEY DISORDERS LIKE STONE, URIC ACID & UTI",77,REC-0115
SUPER RICH BERRY JUICE,Pain or pressure in your chest,"KIDNEY DISORDERS LIKE STONE, URIC ACID & UTI",77,REC-0114
SUPER RICH BERRY JUICE,Persistent nausea,"KIDNEY DISORDERS LIKE STONE, URIC ACID & UTI",77,REC-0113
SUPER RICH BERRY JUICE,Reduced amount of urine,"KIDNEY DISORDERS LIKE STONE, URIC ACID & UTI",77,REC-0109
SUPER RICH BERRY JUICE,Shortness of breath,"KIDNEY DISORDERS LIKE STONE, URIC ACID & UTI",77,REC-0112
SUPER RICH BERRY JUICE,Swelling in legs ankles and feet from retention of fluids,"KIDNEY DISORDERS LIKE STONE, URIC ACID & UTI",77,REC-0110
SUPER RICH BERRY JUICE,Continuous Fatigue,LIVER DISEASES,64,REC-0032
SUPER RICH BERRY JUICE,Dark Urine,LIVER DISEASES,64,REC-0027
SUPER RICH BERRY JUICE,Decreased Appetite,LIVER DISEASES,64,REC-0031
SUPER RICH BERRY JUICE,Easy Bruising,LIVER DISEASES,64,REC-0034
SUPER RICH BERRY JUICE,Indigestion,LIVER DISEASES,64,REC-0035
SUPER RICH BERRY JUICE,Itchy Skin,LIVER DISEASES,64,REC-0033
SUPER RICH BERRY JUICE,Nausea/Vomiting,LIVER DISEASES,64,REC-0030
SUPER RICH BERRY JUICE,"Pale, Bloody, or Black Stool",LIVER DISEASES,64,REC-0028
SUPER RICH BERRY JUICE,"Swollen Ankles, Legs or Abdomen",LIVER DISEASES,64,REC-0029
SUPER RICH BERRY JUICE,Yellow Skin and Eyes,LIVER DISEASES,64,REC-0026
SUPER RICH BERRY JUICE,Erectile Dysfunction,MALE HEALTH ISSUES,69,REC-0065
SUPER RICH BERRY JUICE,Hypoactive Sexual Desire Disorder,MALE HEALTH ISSUES,69,REC-0064
SUPER RICH BERRY JUICE,Lack of libido,MALE HEALTH ISSUES,69,REC-0067
SUPER RICH BERRY JUICE,Premature Ejaculation,MALE HEALTH ISSUES,69,REC-0066
SUPER RICH BERRY JUICE,Bright Red Blood in Stools an Itchy Anus,PILES/FISSURE,66,REC-0044
SUPER RICH BERRY JUICE,Feeling Like You Still Need To Poo After going to the Toilet,PILES/FISSURE,66,REC-0045
SUPER RICH BERRY JUICE,Pain Around Your Anus,PILES/FISSURE,66,REC-0047
SUPER RICH BERRY JUICE,Slimy mucus in your underwear or on Toilet Paper After Wiping your bottom,PILES/FISSURE,66,REC-0046
SUPER RICH BERRY JUICE,Breathlessness,RESPIRATORY HEALTH,68,REC-0059
SUPER RICH BERRY JUICE,"Cough, Sore Throat",RESPIRATORY HEALTH,68,REC-0058
SUPER RICH BERRY JUICE,Fatigue,RESPIRATORY HEALTH,68,REC-0061
SUPER RICH BERRY JUICE,Fever,RESPIRATORY HEALTH,68,REC-0057
SUPER RICH BERRY JUICE,Headache,RESPIRATORY HEALTH,68,REC-0056
SUPER RICH BERRY JUICE,Irritability,RESPIRATORY HEALTH,68,REC-0062
SUPER RICH BERRY JUICE,Pneumonia,RESPIRATORY HEALTH,68,REC-0060
SUPER RICH BERRY JUICE,Running Nose,RESPIRATORY HEALTH,68,REC-0055
SUPER RICH BERRY JUICE,Sleep Disturbances,RESPIRATORY HEALTH,68,REC-0063
SUPER RICH BERRY JUICE,Abnormal or weak reflexes,SCIATICA,76,REC-0106
SUPER RICH BERRY JUICE,Difficulty bending the foot,SCIATICA,76,REC-0104
SUPER RICH BERRY JUICE,Difficulty walking on your toes,SCIATICA,76,REC-0105
SUPER RICH BERRY JUICE,Loss of sensation or numbness,SCIATICA,76,REC-0107
SUPER RICH BERRY JUICE,Pain when lifting the leg,SCIATICA,76,REC-0108
SUPER RICH BERRY JUICE,Weakness when bending the knee,SCIATICA,76,REC-0103
SUPER RICH BERRY JUICE,Blocked or stuffy (congested) nose causing difficulty breathing through nose,SINUSITIS,81,REC-0145
SUPER RICH BERRY JUICE,Drainage down the back of the throat,SINUSITIS,81,REC-0144
SUPER RICH BERRY JUICE,Nasal inflammation,SINUSITIS,81,REC-0142
SUPER RICH BERRY JUICE,Pain,SINUSITIS,81,REC-0146
SUPER RICH BERRY JUICE,Reduced sense of smell and taste,SINUSITIS,81,REC-0147
SUPER RICH BERRY JUICE,Runny nose,SINUSITIS,81,REC-0143
SUPER RICH BERRY JUICE,Anxiety,THYROID PREFERABLY (HYPOTHYROIDISM),78,REC-0117
SUPER RICH BERRY JUICE,Difficulty concentrating,THYROID PREFERABLY (HYPOTHYROIDISM),78,REC-0118
SUPER RICH BERRY JUICE,Disturbed bowel movements,THYROID PREFERABLY (HYPOTHYROIDISM),78,REC-0120
SUPER RICH BERRY JUICE,Fatigue,THYROID PREFERABLY (HYPOTHYROIDISM),78,REC-0119
SUPER RICH BERRY JUICE,Hair loss,THYROID PREFERABLY (HYPOTHYROIDISM),78,REC-0122
SUPER RICH BERRY JUICE,Hand tremor,THYROID PREFERABLY (HYPOTHYROIDISM),78,REC-0123
SUPER RICH BERRY JUICE,Heat intolerance,THYROID PREFERABLY (HYPOTHYROIDISM),78,REC-0124
SUPER RICH BERRY JUICE,Weight Gain,THYROID PREFERABLY (HYPOTHYROIDISM),78,REC-0121
SUPER RICH BERRY JUICE + ALOE VERA GUAVA JUICE,Changes in Vision,WEIGHT MANAGEMENT,72,REC-0085
SUPER RICH BERRY JUICE + ALOE VERA GUAVA JUICE,Difficulty in Breathing,WEIGHT MANAGEMENT,72,REC-0082
SUPER RICH BERRY JUICE + ALOE VERA GUAVA JUICE,Heart Palpitations,WEIGHT MANAGEMENT,72,REC-0083
SUPER RICH BERRY JUICE + ALOE VERA GUAVA JUICE,Rapid Weight Gain,WEIGHT MANAGEMENT,72,REC-0086
SUPER RICH BERRY JUICE + ALOE VERA GUAVA JUICE,Shortness of Breath,WEIGHT MANAGEMENT,72,REC-0081
SUPER RICH BERRY JUICE + ALOE VERA GUAVA JUICE,Skin Sensitivity,WEIGHT MANAGEMENT,72,REC-0080
SUPER RICH BERRY JUICE + ALOE VERA GUAVA JUICE,Sweating,WEIGHT MANAGEMENT,72,REC-0084
SUPER RICH BERRY JUICE + L-ARGININE++ (NITRIC OXIDE PRECURSOR),An achy or heavy feeling in the legs,"VARICOSE VEINS (TWISTED, ENLARGED VEINS)",75,REC-0098
SUPER RICH BERRY JUICE + L-ARGININE++ (NITRIC OXIDE PRECURSOR),"Burning, throbbing, muscle cramping and swelling in the lower legs","VARICOSE VEINS (TWISTED, ENLARGED VEINS)",75,REC-0099
SUPER RICH BERRY JUICE + L-ARGININE++ (NITRIC OXIDE PRECURSOR),Change Skin Color around a varicose vein,"VARICOSE VEINS (TWISTED, ENLARGED VEINS)",75,REC-0102
SUPER RICH BERRY JUICE + L-ARGININE++ (NITRIC OXIDE PRECURSOR),Itching around one or more of the veins,"VARICOSE VEINS (TWISTED, ENLARGED VEINS)",75,REC-0101
SUPER RICH BERRY JUICE + L-ARGININE++ (NITRIC OXIDE PRECURSOR),Worsened pain after sitting or standing for a long time,"VARICOSE VEINS (TWISTED, ENLARGED VEINS)",75,REC-0100
VITAL PROTEIN,Poor Hair Health,HAIR/NAIL HEALTH,83,REC-0157
VITAL PROTEIN,Poor Nail Health,HAIR/NAIL HEALTH,83,REC-0158
VITAL PROTEIN,Changes in Vision,WEIGHT MANAGEMENT,72,REC-0085
VITAL PROTEIN,Difficulty in Breathing,WEIGHT MANAGEMENT,72,REC-0082
VITAL PROTEIN,Heart Palpitations,WEIGHT MANAGEMENT,72,REC-0083
VITAL PROTEIN,Rapid Weight Gain,WEIGHT MANAGEMENT,72,REC-0086
VITAL PROTEIN,Shortness of Breath,WEIGHT MANAGEMENT,72,REC-0081
VITAL PROTEIN,Skin Sensitivity,WEIGHT MANAGEMENT,72,REC-0080
VITAL PROTEIN,Sweating,WEIGHT MANAGEMENT,72,REC-0084
