intent_id,intent_name,category,description,example_question,source_document,verification_status,notes
SI001,order_cancellation,shipping_returns,User wants to cancel an order they placed.,Can I cancel my order?,"dayjoy_intents_CANONICAL.csv (id 188; cat=policy/shipping_refund; source_reference field says ""Shipping/Refund Policy"")",UNVERIFIED,"Question/answer pattern exists in the intents dataset, but the underlying 'Shipping/Refund Policy' document it cites is NOT present anywhere in this repository (confirmed by full-repo search). Treat the specific answer text as an unverified internal claim, not a sourced Dayjoy policy, until that document is located or supplied. See support_policies.csv POL-GAP-01. [FIX2 RE-CHECK]: Dayjoy_Online_Shopping.pdf and the 2 'Dayjoy AI Ecosystem' docx files were examined this pass and do NOT resolve the gap (see support_policies.csv POL-GAP-01 for full detail) — gap remains OPEN."
SI002,product_return,shipping_returns,User wants to return a delivered product.,Can I return it? / How many days do I have to return an item?,"dayjoy_intents_CANONICAL.csv (ids 54, 139; source_reference = ""Shipping/Refund Policy"")",UNVERIFIED,Same gap as SI001 — source document not present in repo. Do not quote the specific day-count or handling-charge figures as confirmed Dayjoy policy without the underlying document. [FIX2 RE-CHECK]: Dayjoy_Online_Shopping.pdf and the 2 'Dayjoy AI Ecosystem' docx files were examined this pass and do NOT resolve the gap (see support_policies.csv POL-GAP-01 for full detail) — gap remains OPEN.
SI003,refund_request,shipping_returns,"User asks how/when a refund is processed, or whether cash refunds are available.",How do I get a refund? / Is cash refund available?,"dayjoy_intents_CANONICAL.csv (ids 12, 26; source_reference = ""Shipping/Refund Policy"")",UNVERIFIED,Same gap as SI001 — source document not present in repo. [FIX2 RE-CHECK]: Dayjoy_Online_Shopping.pdf and the 2 'Dayjoy AI Ecosystem' docx files were examined this pass and do NOT resolve the gap (see support_policies.csv POL-GAP-01 for full detail) — gap remains OPEN.
SI004,damaged_product,shipping_returns,User reports a product arrived damaged.,What if my product arrives damaged?,"dayjoy_intents_CANONICAL.csv (id 114; source_reference = ""Shipping/Refund Policy"")",UNVERIFIED,Same gap as SI001 — source document not present in repo. [FIX2 RE-CHECK]: Dayjoy_Online_Shopping.pdf and the 2 'Dayjoy AI Ecosystem' docx files were examined this pass and do NOT resolve the gap (see support_policies.csv POL-GAP-01 for full detail) — gap remains OPEN.
SI005,delivery_time_inquiry,shipping_returns,User asks how long delivery takes.,How long is delivery?,"dayjoy_intents_CANONICAL.csv (id 122; source_reference = ""Shipping/Refund Policy"")",UNVERIFIED,Same gap as SI001 — source document not present in repo. [FIX2 RE-CHECK]: Dayjoy_Online_Shopping.pdf and the 2 'Dayjoy AI Ecosystem' docx files were examined this pass and do NOT resolve the gap (see support_policies.csv POL-GAP-01 for full detail) — gap remains OPEN.
SI006,return_shipping_cost,shipping_returns,User asks who pays for return shipping.,Who pays for return shipping?,"dayjoy_intents_CANONICAL.csv (id 222; source_reference = ""Shipping/Refund Policy"")",UNVERIFIED,Same gap as SI001 — source document not present in repo. [FIX2 RE-CHECK]: Dayjoy_Online_Shopping.pdf and the 2 'Dayjoy AI Ecosystem' docx files were examined this pass and do NOT resolve the gap (see support_policies.csv POL-GAP-01 for full detail) — gap remains OPEN.
SI007,payment_issue,technical_payment,"User's payment failed, was double-charged, or they have a payment-gateway problem.","I paid but my order isn't showing / my payment failed, what do I do?",PaymentGatewayPolicy_Dayjoy.pdf,VERIFIED,"PDF directs the user to Customer Care (+91-7733990555 / support@dayjoy.in), quoting the order number. Fully sourced — see support_policies.csv POL-PAY-05."
SI008,payment_security_question,technical_payment,User asks how their card/payment details are protected.,How is my payment secured? / Do you store my card details?,PaymentGatewayPolicy_Dayjoy.pdf,VERIFIED,"PDF states Dayjoy does not store payment credentials and uses PayU/Razorpay with encryption, SSL, SET, and tokenization."
SI009,payment_method_inquiry,technical_payment,User asks what payment methods/gateways are available.,What payment methods can I use? / Which payment gateway does Dayjoy use?,PaymentGatewayPolicy_Dayjoy.pdf,VERIFIED,"PDF confirms Debit Card, Credit Card, UPI, Net-Banking via PayU or Razorpay."
SI010,income_guarantee_question,compliance_income,User asks if Dayjoy guarantees income or is a get-rich-quick scheme.,Do you guarantee income? / Is Dayjoy a get-rich-quick scheme?,Income_Disclaimer_Dayjoy.pdf,VERIFIED,"PDF explicitly states earnings are estimates only, not guaranteed, and Dayjoy does not present itself as a get-rich-quick scheme. Must always be answered per income_claim_policy.md."
SI011,social_media_conduct_question,compliance_social,Distributor asks what they can/cannot post about Dayjoy on social media or in paid ads.,Can I run Facebook ads for Dayjoy? / Can I use the Dayjoy logo on my Instagram?,Social_Media_Policy_Dayjoy.pdf,VERIFIED,"PDF states paid ads cannot use Company logo/trademark and links must go to the distributor's personal site, not the official site; trademarks may not be used in usernames/handles."
SI012,product_availability_inquiry,pre_sales,User asks whether Dayjoy carries/stocks a specific product.,Do you have Aloevera Gel (100g)?,dayjoy_intents_CANONICAL.csv (intent_category=transactional/availability; 142 rows),VERIFIED,Directly answerable from 01_CANONICAL/products/dayjoy_product_master_canonical.csv and dayjoy_price_list_may2026.csv (existence/price allowed directly per dayjoy_canonical_answer_policy.csv).
SI013,price_bv_inquiry,pre_sales,User asks for the MRP/DP/BV of a product.,What is the price and business volume (BV) for Black Salt Sprinkler (200g)?,01_CANONICAL/faq/dayjoy_faq_combined_canonical.csv (faq_category=pricing; 170 rows),VERIFIED,Pricing sourced from India BV Price May 2026.pdf; allowed directly per dayjoy_canonical_answer_policy.csv.
SI014,product_general_info,pre_sales,User asks a general 'what is this product' question.,What is Black Salt Sprinkler (200g)?,01_CANONICAL/faq/dayjoy_faq_combined_canonical.csv (faq_category=general_info; 351 rows),VERIFIED,"Category, brand, and description allowed directly per dayjoy_canonical_answer_policy.csv."
SI015,company_fact_inquiry,company_info,"User asks a company-fact question (founders, mission, HQ, certifications).",Who founded Dayjoy? / What is Dayjoy's mission?,01_CANONICAL/company/dayjoy_company_knowledge.csv,VERIFIED,Route to dayjoy_company_knowledge.csv; company facts are allowed directly per dayjoy_canonical_answer_policy.csv. Answer only fields marked VERIFIED there; state UNVERIFIED/NULL fields honestly.
SI016,fssai_gmp_certification_question,compliance_income,"User asks whether Dayjoy holds a specific certification/license (FSSAI, GMP, etc.).",Is Dayjoy FSSAI approved? / Does Dayjoy have GMP?,01_CANONICAL/company/dayjoy_company_knowledge.csv (CK033-CK044),UNVERIFIED,"GMP/ISO/FICCI/Ayush/Startup-India/FDA certifications are VERIFIED via GrowthX OCR page 13; FSSAI, WHO-GMP, HALAL, HACCP are UNVERIFIED (company_profile.csv only, not independently confirmed in this repo). A DayjoyMarketingFssaiLicense.pdf exists in 00_SOURCE_DOCUMENTS/policies/ but has not been OCR-extracted into this repo's canonical layer as of this pass — do not quote a license number from it without that extraction."
SI017,diagnosis_or_symptom_recommendation,regulated_health,"User describes a symptom and asks what to take, or asks Dayjoy to diagnose/confirm a condition.","I have Fatigue, what should I take? / Does this cure my condition?",08_GOVERNANCE/safety/regulated_health_intents_review.csv; 08_GOVERNANCE/safety/diagnosis_policy.md,UNVERIFIED,"Governed by diagnosis_policy.md and medical_claim_policy.md. Pre-approved symptom-to-product rows may be surfaced only with their existing 'supplement, not a cure / consult a physician' disclaimer intact; true diagnosis/cure requests must escalate, not be answered."
